x_east_m,y_north_m,lat,lon,mnt_m,mns_m,mnh_m
-300.0,300.0,48.8131449,7.8476078,143.77,143.77,0.0
-290.0,300.0,48.8131449,7.8477442,143.55,143.55,0.0
-280.0,300.0,48.8131449,7.8478806,143.36,151.91,8.54
-270.0,300.0,48.8131449,7.848017,143.32,154.22,10.89
-260.0,300.0,48.8131449,7.8481534,143.29,151.89,8.6
-250.0,300.0,48.8131449,7.8482898,143.12,143.12,0.0
-240.0,300.0,48.8131449,7.8484262,143.2,143.26,0.05
-230.0,300.0,48.8131449,7.8485626,143.05,143.05,0.0
-220.0,300.0,48.8131449,7.848699,142.96,147.32,4.35
-210.0,300.0,48.8131449,7.8488355,143.01,143.01,0.0
-200.0,300.0,48.8131449,7.8489719,143.02,148.32,5.3
-190.0,300.0,48.8131449,7.8491083,142.95,142.95,0.0
-180.0,300.0,48.8131449,7.8492447,142.97,145.98,3.01
-170.0,300.0,48.8131449,7.8493811,143.02,143.02,0.0
-160.0,300.0,48.8131449,7.8495175,142.99,142.99,0.0
-150.0,300.0,48.8131449,7.8496539,143.12,143.27,0.14
-140.0,300.0,48.8131449,7.8497903,142.94,144.5,1.56
-130.0,300.0,48.8131449,7.8499267,142.85,143.16,0.31
-120.0,300.0,48.8131449,7.8500631,142.84,158.03,15.19
-110.0,300.0,48.8131449,7.8501995,142.95,146.46,3.51
-100.0,300.0,48.8131449,7.8503359,142.7,145.6,2.89
-90.0,300.0,48.8131449,7.8504723,142.67,153.81,11.14
-80.0,300.0,48.8131449,7.8506087,142.65,142.65,0.0
-70.0,300.0,48.8131449,7.8507452,142.7,142.7,0.0
-60.0,300.0,48.8131449,7.8508816,142.6,142.6,0.0
-50.0,300.0,48.8131449,7.851018,142.52,142.52,0.0
-40.0,300.0,48.8131449,7.8511544,142.78,153.12,10.34
-30.0,300.0,48.8131449,7.8512908,142.68,152.56,9.88
-20.0,300.0,48.8131449,7.8514272,142.71,157.78,15.07
-10.0,300.0,48.8131449,7.8515636,142.67,154.91,12.25
0.0,300.0,48.8131449,7.8517,142.58,151.02,8.44
10.0,300.0,48.8131449,7.8518364,142.49,156.88,14.39
20.0,300.0,48.8131449,7.8519728,142.66,143.35,0.69
30.0,300.0,48.8131449,7.8521092,142.76,142.76,0.0
40.0,300.0,48.8131449,7.8522456,142.6,144.43,1.83
50.0,300.0,48.8131449,7.852382,142.54,155.76,13.22
60.0,300.0,48.8131449,7.8525184,142.57,142.57,0.0
70.0,300.0,48.8131449,7.8526548,142.62,142.62,0.0
80.0,300.0,48.8131449,7.8527913,142.48,142.48,0.0
90.0,300.0,48.8131449,7.8529277,142.43,142.43,0.0
100.0,300.0,48.8131449,7.8530641,142.39,142.39,0.0
110.0,300.0,48.8131449,7.8532005,142.37,142.37,0.0
120.0,300.0,48.8131449,7.8533369,142.36,142.36,0.0
130.0,300.0,48.8131449,7.8534733,142.51,142.51,0.0
140.0,300.0,48.8131449,7.8536097,142.37,142.37,0.0
150.0,300.0,48.8131449,7.8537461,142.28,142.28,0.0
160.0,300.0,48.8131449,7.8538825,142.28,142.28,0.0
170.0,300.0,48.8131449,7.8540189,142.33,142.33,0.0
180.0,300.0,48.8131449,7.8541553,142.25,142.25,0.0
190.0,300.0,48.8131449,7.8542917,142.18,142.18,0.0
200.0,300.0,48.8131449,7.8544281,142.18,142.18,0.0
210.0,300.0,48.8131449,7.8545645,142.25,142.25,0.0
220.0,300.0,48.8131449,7.854701,142.13,142.13,0.0
230.0,300.0,48.8131449,7.8548374,142.11,145.72,3.61
240.0,300.0,48.8131449,7.8549738,141.15,155.0,13.85
250.0,300.0,48.8131449,7.8551102,142.16,143.96,1.8
260.0,300.0,48.8131449,7.8552466,142.13,142.13,0.0
270.0,300.0,48.8131449,7.855383,142.09,153.76,11.67
280.0,300.0,48.8131449,7.8555194,142.1,144.9,2.8
290.0,300.0,48.8131449,7.8556558,142.21,156.52,14.31
300.0,300.0,48.8131449,7.8557922,140.64,147.53,6.88
-300.0,290.0,48.8130551,7.8476078,143.86,147.54,3.68
-290.0,290.0,48.8130551,7.8477442,143.74,160.69,16.95
-280.0,290.0,48.8130551,7.8478806,143.3,143.3,0.0
-270.0,290.0,48.8130551,7.848017,143.29,145.68,2.39
-260.0,290.0,48.8130551,7.8481534,143.3,143.3,0.0
-250.0,290.0,48.8130551,7.8482898,143.23,148.94,5.71
-240.0,290.0,48.8130551,7.8484262,143.07,157.53,14.46
-230.0,290.0,48.8130551,7.8485626,143.1,152.21,9.11
-220.0,290.0,48.8130551,7.848699,143.19,144.62,1.43
-210.0,290.0,48.8130551,7.8488355,143.06,145.37,2.32
-200.0,290.0,48.8130551,7.8489719,143.13,144.63,1.5
-190.0,290.0,48.8130551,7.8491083,143.04,144.86,1.82
-180.0,290.0,48.8130551,7.8492447,143.15,143.15,0.0
-170.0,290.0,48.8130551,7.8493811,143.05,145.22,2.17
-160.0,290.0,48.8130551,7.8495175,143.1,145.38,2.28
-150.0,290.0,48.8130551,7.8496539,142.94,142.94,0.0
-140.0,290.0,48.8130551,7.8497903,142.99,146.2,3.21
-130.0,290.0,48.8130551,7.8499267,142.85,147.88,5.03
-120.0,290.0,48.8130551,7.8500631,142.8,142.8,0.0
-110.0,290.0,48.8130551,7.8501995,142.85,145.09,2.23
-100.0,290.0,48.8130551,7.8503359,142.63,149.75,7.12
-90.0,290.0,48.8130551,7.8504723,142.76,148.02,5.26
-80.0,290.0,48.8130551,7.8506087,142.65,142.65,0.0
-70.0,290.0,48.8130551,7.8507452,142.58,142.58,0.0
-60.0,290.0,48.8130551,7.8508816,142.57,142.57,0.0
-50.0,290.0,48.8130551,7.851018,142.63,142.63,0.0
-40.0,290.0,48.8130551,7.8511544,142.87,156.32,13.45
-30.0,290.0,48.8130551,7.8512908,142.75,152.61,9.86
-20.0,290.0,48.8130551,7.8514272,142.72,156.96,14.24
-10.0,290.0,48.8130551,7.8515636,142.67,149.19,6.52
0.0,290.0,48.8130551,7.8517,142.61,160.43,17.82
10.0,290.0,48.8130551,7.8518364,142.6,160.44,17.84
20.0,290.0,48.8130551,7.8519728,142.62,157.1,14.48
30.0,290.0,48.8130551,7.8521092,142.49,159.77,17.28
40.0,290.0,48.8130551,7.8522456,142.59,154.9,12.31
50.0,290.0,48.8130551,7.852382,142.54,152.19,9.65
60.0,290.0,48.8130551,7.8525184,142.66,142.66,0.0
70.0,290.0,48.8130551,7.8526548,142.54,142.54,0.0
80.0,290.0,48.8130551,7.8527913,142.45,142.45,0.0
90.0,290.0,48.8130551,7.8529277,142.42,142.42,0.0
100.0,290.0,48.8130551,7.8530641,142.4,142.4,0.0
110.0,290.0,48.8130551,7.8532005,142.37,142.37,0.0
120.0,290.0,48.8130551,7.8533369,142.38,142.38,0.0
130.0,290.0,48.8130551,7.8534733,142.39,142.39,0.0
140.0,290.0,48.8130551,7.8536097,142.38,142.38,0.0
150.0,290.0,48.8130551,7.8537461,142.14,153.65,11.51
160.0,290.0,48.8130551,7.8538825,142.29,150.29,8.0
170.0,290.0,48.8130551,7.8540189,142.24,142.24,0.0
180.0,290.0,48.8130551,7.8541553,142.31,142.31,0.0
190.0,290.0,48.8130551,7.8542917,142.31,142.31,0.0
200.0,290.0,48.8130551,7.8544281,142.29,142.29,0.0
210.0,290.0,48.8130551,7.8545645,142.19,142.19,0.0
220.0,290.0,48.8130551,7.854701,142.27,142.27,0.0
230.0,290.0,48.8130551,7.8548374,142.11,142.11,0.0
240.0,290.0,48.8130551,7.8549738,142.12,142.12,0.0
250.0,290.0,48.8130551,7.8551102,142.16,142.44,0.28
260.0,290.0,48.8130551,7.8552466,142.03,142.03,0.0
270.0,290.0,48.8130551,7.855383,142.09,154.97,12.88
280.0,290.0,48.8130551,7.8555194,142.12,147.77,5.65
290.0,290.0,48.8130551,7.8556558,142.24,152.33,10.08
300.0,290.0,48.8130551,7.8557922,141.26,152.83,11.57
-300.0,280.0,48.8129653,7.8476078,144.01,144.01,0.01
-290.0,280.0,48.8129653,7.8477442,143.87,143.87,0.0
-280.0,280.0,48.8129653,7.8478806,143.41,159.13,15.72
-270.0,280.0,48.8129653,7.848017,143.29,148.83,5.53
-260.0,280.0,48.8129653,7.8481534,143.31,152.17,8.86
-250.0,280.0,48.8129653,7.8482898,143.23,148.64,5.41
-240.0,280.0,48.8129653,7.8484262,143.08,151.53,8.44
-230.0,280.0,48.8129653,7.8485626,143.13,146.2,3.08
-220.0,280.0,48.8129653,7.848699,143.13,154.56,11.43
-210.0,280.0,48.8129653,7.8488355,143.16,145.84,2.68
-200.0,280.0,48.8129653,7.8489719,143.17,143.22,0.05
-190.0,280.0,48.8129653,7.8491083,143.07,144.81,1.74
-180.0,280.0,48.8129653,7.8492447,143.12,144.56,1.43
-170.0,280.0,48.8129653,7.8493811,143.0,143.0,0.0
-160.0,280.0,48.8129653,7.8495175,142.93,152.45,9.53
-150.0,280.0,48.8129653,7.8496539,142.98,143.9,0.92
-140.0,280.0,48.8129653,7.8497903,142.99,149.14,6.16
-130.0,280.0,48.8129653,7.8499267,142.84,152.19,9.35
-120.0,280.0,48.8129653,7.8500631,142.93,143.12,0.19
-110.0,280.0,48.8129653,7.8501995,142.82,145.17,2.35
-100.0,280.0,48.8129653,7.8503359,142.53,147.89,5.36
-90.0,280.0,48.8129653,7.8504723,142.68,152.2,9.52
-80.0,280.0,48.8129653,7.8506087,142.63,142.63,0.0
-70.0,280.0,48.8129653,7.8507452,142.6,142.6,0.0
-60.0,280.0,48.8129653,7.8508816,142.61,142.61,0.0
-50.0,280.0,48.8129653,7.851018,142.61,142.61,0.0
-40.0,280.0,48.8129653,7.8511544,142.73,155.75,13.02
-30.0,280.0,48.8129653,7.8512908,142.67,155.52,12.85
-20.0,280.0,48.8129653,7.8514272,142.62,157.25,14.63
-10.0,280.0,48.8129653,7.8515636,142.7,158.71,16.01
0.0,280.0,48.8129653,7.8517,142.56,159.66,17.1
10.0,280.0,48.8129653,7.8518364,142.54,158.43,15.89
20.0,280.0,48.8129653,7.8519728,142.48,158.36,15.88
30.0,280.0,48.8129653,7.8521092,142.55,159.63,17.08
40.0,280.0,48.8129653,7.8522456,142.55,156.39,13.84
50.0,280.0,48.8129653,7.852382,142.58,147.87,5.29
60.0,280.0,48.8129653,7.8525184,142.57,142.57,0.0
70.0,280.0,48.8129653,7.8526548,142.7,142.7,0.0
80.0,280.0,48.8129653,7.8527913,142.45,142.45,0.0
90.0,280.0,48.8129653,7.8529277,142.43,142.43,0.0
100.0,280.0,48.8129653,7.8530641,142.47,142.47,0.0
110.0,280.0,48.8129653,7.8532005,142.42,142.42,0.0
120.0,280.0,48.8129653,7.8533369,142.3,142.3,0.0
130.0,280.0,48.8129653,7.8534733,142.36,142.36,0.0
140.0,280.0,48.8129653,7.8536097,142.36,142.36,0.0
150.0,280.0,48.8129653,7.8537461,142.22,152.04,9.82
160.0,280.0,48.8129653,7.8538825,142.37,142.37,0.0
170.0,280.0,48.8129653,7.8540189,142.24,142.24,0.0
180.0,280.0,48.8129653,7.8541553,142.26,142.26,0.0
190.0,280.0,48.8129653,7.8542917,142.23,142.23,0.0
200.0,280.0,48.8129653,7.8544281,142.19,142.19,0.0
210.0,280.0,48.8129653,7.8545645,142.23,142.23,0.0
220.0,280.0,48.8129653,7.854701,142.34,142.34,0.0
230.0,280.0,48.8129653,7.8548374,142.34,142.34,0.0
240.0,280.0,48.8129653,7.8549738,142.17,142.17,0.0
250.0,280.0,48.8129653,7.8551102,142.15,142.15,0.0
260.0,280.0,48.8129653,7.8552466,142.08,148.54,6.46
270.0,280.0,48.8129653,7.855383,142.09,142.09,0.0
280.0,280.0,48.8129653,7.8555194,142.11,142.11,0.0
290.0,280.0,48.8129653,7.8556558,142.12,142.12,0.0
300.0,280.0,48.8129653,7.8557922,142.1,142.56,0.45
-300.0,270.0,48.8128754,7.8476078,143.63,147.76,4.13
-290.0,270.0,48.8128754,7.8477442,143.82,144.95,1.13
-280.0,270.0,48.8128754,7.8478806,143.73,153.22,9.49
-270.0,270.0,48.8128754,7.848017,143.52,147.03,3.51
-260.0,270.0,48.8128754,7.8481534,143.29,152.98,9.69
-250.0,270.0,48.8128754,7.8482898,143.36,149.88,6.52
-240.0,270.0,48.8128754,7.8484262,143.26,150.72,7.46
-230.0,270.0,48.8128754,7.8485626,143.1,145.23,2.13
-220.0,270.0,48.8128754,7.848699,143.08,143.57,0.5
-210.0,270.0,48.8128754,7.8488355,143.26,145.9,2.65
-200.0,270.0,48.8128754,7.8489719,143.12,143.53,0.41
-190.0,270.0,48.8128754,7.8491083,143.09,149.86,6.78
-180.0,270.0,48.8128754,7.8492447,143.07,143.8,0.73
-170.0,270.0,48.8128754,7.8493811,143.02,152.41,9.38
-160.0,270.0,48.8128754,7.8495175,142.97,144.78,1.81
-150.0,270.0,48.8128754,7.8496539,143.14,143.7,0.55
-140.0,270.0,48.8128754,7.8497903,142.91,143.05,0.14
-130.0,270.0,48.8128754,7.8499267,142.88,142.88,0.0
-120.0,270.0,48.8128754,7.8500631,142.87,142.87,0.0
-110.0,270.0,48.8128754,7.8501995,142.76,145.62,2.86
-100.0,270.0,48.8128754,7.8503359,142.62,151.43,8.81
-90.0,270.0,48.8128754,7.8504723,142.72,151.92,9.2
-80.0,270.0,48.8128754,7.8506087,142.6,142.6,0.0
-70.0,270.0,48.8128754,7.8507452,142.64,142.64,0.0
-60.0,270.0,48.8128754,7.8508816,142.6,142.6,0.0
-50.0,270.0,48.8128754,7.851018,142.55,142.55,0.0
-40.0,270.0,48.8128754,7.8511544,142.6,154.77,12.17
-30.0,270.0,48.8128754,7.8512908,142.67,156.66,13.98
-20.0,270.0,48.8128754,7.8514272,142.67,158.5,15.83
-10.0,270.0,48.8128754,7.8515636,142.59,150.91,8.32
0.0,270.0,48.8128754,7.8517,142.57,142.57,0.0
10.0,270.0,48.8128754,7.8518364,142.54,154.83,12.29
20.0,270.0,48.8128754,7.8519728,142.67,156.86,14.19
30.0,270.0,48.8128754,7.8521092,142.57,156.45,13.89
40.0,270.0,48.8128754,7.8522456,142.71,142.71,0.0
50.0,270.0,48.8128754,7.852382,142.7,154.16,11.46
60.0,270.0,48.8128754,7.8525184,142.6,142.6,0.0
70.0,270.0,48.8128754,7.8526548,142.58,142.58,0.0
80.0,270.0,48.8128754,7.8527913,142.36,142.36,0.0
90.0,270.0,48.8128754,7.8529277,142.39,142.39,0.0
100.0,270.0,48.8128754,7.8530641,142.58,142.58,0.0
110.0,270.0,48.8128754,7.8532005,142.31,142.31,0.0
120.0,270.0,48.8128754,7.8533369,142.37,142.37,0.0
130.0,270.0,48.8128754,7.8534733,142.34,142.34,0.0
140.0,270.0,48.8128754,7.8536097,142.27,142.27,0.0
150.0,270.0,48.8128754,7.8537461,142.32,142.32,0.0
160.0,270.0,48.8128754,7.8538825,142.32,142.32,0.0
170.0,270.0,48.8128754,7.8540189,142.33,142.33,0.0
180.0,270.0,48.8128754,7.8541553,142.24,142.24,0.0
190.0,270.0,48.8128754,7.8542917,142.29,142.29,0.0
200.0,270.0,48.8128754,7.8544281,142.21,142.21,0.0
210.0,270.0,48.8128754,7.8545645,142.29,142.29,0.0
220.0,270.0,48.8128754,7.854701,142.2,142.2,0.0
230.0,270.0,48.8128754,7.8548374,142.06,142.06,0.0
240.0,270.0,48.8128754,7.8549738,142.16,142.16,0.0
250.0,270.0,48.8128754,7.8551102,142.21,142.21,0.0
260.0,270.0,48.8128754,7.8552466,142.14,142.14,0.0
270.0,270.0,48.8128754,7.855383,142.13,142.13,0.0
280.0,270.0,48.8128754,7.8555194,142.25,142.25,0.0
290.0,270.0,48.8128754,7.8556558,142.13,142.13,0.0
300.0,270.0,48.8128754,7.8557922,142.13,142.13,-0.0
-300.0,260.0,48.8127856,7.8476078,143.51,144.05,0.54
-290.0,260.0,48.8127856,7.8477442,143.62,150.77,7.15
-280.0,260.0,48.8127856,7.8478806,143.85,156.67,12.82
-270.0,260.0,48.8127856,7.848017,143.76,153.76,10.01
-260.0,260.0,48.8127856,7.8481534,143.58,151.17,7.59
-250.0,260.0,48.8127856,7.8482898,143.37,145.53,2.16
-240.0,260.0,48.8127856,7.8484262,143.37,144.13,0.76
-230.0,260.0,48.8127856,7.8485626,143.16,145.2,2.04
-220.0,260.0,48.8127856,7.848699,143.14,147.7,4.56
-210.0,260.0,48.8127856,7.8488355,143.11,147.47,4.36
-200.0,260.0,48.8127856,7.8489719,143.14,144.32,1.18
-190.0,260.0,48.8127856,7.8491083,143.18,148.6,5.42
-180.0,260.0,48.8127856,7.8492447,143.07,143.07,0.0
-170.0,260.0,48.8127856,7.8493811,142.93,143.82,0.88
-160.0,260.0,48.8127856,7.8495175,142.9,148.83,5.93
-150.0,260.0,48.8127856,7.8496539,142.85,146.26,3.41
-140.0,260.0,48.8127856,7.8497903,142.87,142.87,0.0
-130.0,260.0,48.8127856,7.8499267,142.88,149.73,6.85
-120.0,260.0,48.8127856,7.8500631,142.83,143.96,1.13
-110.0,260.0,48.8127856,7.8501995,142.72,153.34,10.62
-100.0,260.0,48.8127856,7.8503359,142.79,155.59,12.81
-90.0,260.0,48.8127856,7.8504723,142.85,150.55,7.7
-80.0,260.0,48.8127856,7.8506087,142.39,142.39,0.0
-70.0,260.0,48.8127856,7.8507452,142.61,142.61,0.0
-60.0,260.0,48.8127856,7.8508816,142.6,142.6,0.0
-50.0,260.0,48.8127856,7.851018,142.61,142.61,0.0
-40.0,260.0,48.8127856,7.8511544,142.66,154.46,11.8
-30.0,260.0,48.8127856,7.8512908,142.71,147.04,4.33
-20.0,260.0,48.8127856,7.8514272,142.58,155.3,12.73
-10.0,260.0,48.8127856,7.8515636,142.54,159.35,16.81
0.0,260.0,48.8127856,7.8517,142.57,158.56,15.99
10.0,260.0,48.8127856,7.8518364,142.59,155.69,13.11
20.0,260.0,48.8127856,7.8519728,142.53,156.94,14.41
30.0,260.0,48.8127856,7.8521092,142.59,142.59,0.0
40.0,260.0,48.8127856,7.8522456,142.67,153.34,10.67
50.0,260.0,48.8127856,7.852382,142.66,142.66,0.0
60.0,260.0,48.8127856,7.8525184,142.57,142.59,0.01
70.0,260.0,48.8127856,7.8526548,142.69,142.69,0.0
80.0,260.0,48.8127856,7.8527913,142.58,142.58,0.0
90.0,260.0,48.8127856,7.8529277,142.59,142.59,0.0
100.0,260.0,48.8127856,7.8530641,142.49,142.49,0.0
110.0,260.0,48.8127856,7.8532005,142.56,142.56,0.0
120.0,260.0,48.8127856,7.8533369,142.5,142.5,0.0
130.0,260.0,48.8127856,7.8534733,142.46,142.46,0.0
140.0,260.0,48.8127856,7.8536097,142.44,142.44,0.0
150.0,260.0,48.8127856,7.8537461,142.51,142.51,0.0
160.0,260.0,48.8127856,7.8538825,142.35,142.35,0.0
170.0,260.0,48.8127856,7.8540189,142.42,142.42,0.0
180.0,260.0,48.8127856,7.8541553,142.2,142.2,0.0
190.0,260.0,48.8127856,7.8542917,142.22,142.22,0.0
200.0,260.0,48.8127856,7.8544281,142.22,142.22,0.0
210.0,260.0,48.8127856,7.8545645,142.26,142.26,0.0
220.0,260.0,48.8127856,7.854701,142.25,142.25,0.0
230.0,260.0,48.8127856,7.8548374,142.23,142.23,0.0
240.0,260.0,48.8127856,7.8549738,142.2,142.2,0.0
250.0,260.0,48.8127856,7.8551102,142.12,142.12,0.0
260.0,260.0,48.8127856,7.8552466,142.15,142.15,0.0
270.0,260.0,48.8127856,7.855383,142.25,142.25,0.0
280.0,260.0,48.8127856,7.8555194,142.32,142.32,0.0
290.0,260.0,48.8127856,7.8556558,142.24,142.24,0.0
300.0,260.0,48.8127856,7.8557922,142.16,142.16,0.0
-300.0,250.0,48.8126958,7.8476078,143.32,150.48,7.17
-290.0,250.0,48.8126958,7.8477442,143.48,155.71,12.23
-280.0,250.0,48.8126958,7.8478806,143.79,153.5,9.71
-270.0,250.0,48.8126958,7.848017,143.8,154.38,10.58
-260.0,250.0,48.8126958,7.8481534,143.88,154.14,10.26
-250.0,250.0,48.8126958,7.8482898,143.58,154.5,10.92
-240.0,250.0,48.8126958,7.8484262,143.6,146.54,2.94
-230.0,250.0,48.8126958,7.8485626,143.19,156.05,12.86
-220.0,250.0,48.8126958,7.848699,143.52,148.09,4.57
-210.0,250.0,48.8126958,7.8488355,143.13,161.39,18.26
-200.0,250.0,48.8126958,7.8489719,143.4,143.38,-0.02
-190.0,250.0,48.8126958,7.8491083,143.09,144.06,0.97
-180.0,250.0,48.8126958,7.8492447,143.03,146.98,3.95
-170.0,250.0,48.8126958,7.8493811,143.08,143.08,0.0
-160.0,250.0,48.8126958,7.8495175,142.82,143.29,0.47
-150.0,250.0,48.8126958,7.8496539,142.86,144.42,1.55
-140.0,250.0,48.8126958,7.8497903,142.86,142.86,0.0
-130.0,250.0,48.8126958,7.8499267,142.88,146.14,3.27
-120.0,250.0,48.8126958,7.8500631,142.79,148.08,5.3
-110.0,250.0,48.8126958,7.8501995,142.81,142.82,0.01
-100.0,250.0,48.8126958,7.8503359,142.83,149.45,6.63
-90.0,250.0,48.8126958,7.8504723,142.77,151.87,9.09
-80.0,250.0,48.8126958,7.8506087,142.6,142.6,0.0
-70.0,250.0,48.8126958,7.8507452,142.64,142.64,0.0
-60.0,250.0,48.8126958,7.8508816,142.65,142.65,0.0
-50.0,250.0,48.8126958,7.851018,142.62,142.62,0.0
-40.0,250.0,48.8126958,7.8511544,142.62,142.62,0.0
-30.0,250.0,48.8126958,7.8512908,143.47,153.97,10.5
-20.0,250.0,48.8126958,7.8514272,142.57,158.07,15.5
-10.0,250.0,48.8126958,7.8515636,142.52,159.01,16.48
0.0,250.0,48.8126958,7.8517,142.49,158.55,16.06
10.0,250.0,48.8126958,7.8518364,142.52,157.67,15.15
20.0,250.0,48.8126958,7.8519728,142.67,142.67,0.0
30.0,250.0,48.8126958,7.8521092,142.86,144.12,1.26
40.0,250.0,48.8126958,7.8522456,142.61,142.61,0.0
50.0,250.0,48.8126958,7.852382,142.57,151.73,9.16
60.0,250.0,48.8126958,7.8525184,142.63,143.16,0.53
70.0,250.0,48.8126958,7.8526548,142.74,142.74,0.0
80.0,250.0,48.8126958,7.8527913,142.64,142.64,0.0
90.0,250.0,48.8126958,7.8529277,142.76,142.76,0.0
100.0,250.0,48.8126958,7.8530641,142.51,142.51,0.0
110.0,250.0,48.8126958,7.8532005,142.62,142.62,0.0
120.0,250.0,48.8126958,7.8533369,142.65,142.65,0.0
130.0,250.0,48.8126958,7.8534733,142.38,150.74,8.36
140.0,250.0,48.8126958,7.8536097,142.48,142.48,0.0
150.0,250.0,48.8126958,7.8537461,142.31,142.31,0.0
160.0,250.0,48.8126958,7.8538825,142.36,142.36,0.0
170.0,250.0,48.8126958,7.8540189,142.3,142.3,0.0
180.0,250.0,48.8126958,7.8541553,142.33,142.33,0.0
190.0,250.0,48.8126958,7.8542917,142.24,142.24,0.0
200.0,250.0,48.8126958,7.8544281,142.2,142.2,0.0
210.0,250.0,48.8126958,7.8545645,142.29,142.29,0.0
220.0,250.0,48.8126958,7.854701,142.12,142.12,0.0
230.0,250.0,48.8126958,7.8548374,142.22,142.22,0.0
240.0,250.0,48.8126958,7.8549738,142.09,142.09,0.0
250.0,250.0,48.8126958,7.8551102,142.03,142.03,0.0
260.0,250.0,48.8126958,7.8552466,142.25,142.25,0.0
270.0,250.0,48.8126958,7.855383,142.23,142.23,0.0
280.0,250.0,48.8126958,7.8555194,142.2,142.2,0.0
290.0,250.0,48.8126958,7.8556558,142.18,142.18,0.0
300.0,250.0,48.8126958,7.8557922,142.28,142.28,0.0
-300.0,240.0,48.8126059,7.8476078,143.16,147.52,4.37
-290.0,240.0,48.8126059,7.8477442,143.31,144.53,1.22
-280.0,240.0,48.8126059,7.8478806,143.72,154.15,10.43
-270.0,240.0,48.8126059,7.848017,143.75,147.08,3.33
-260.0,240.0,48.8126059,7.8481534,143.76,150.17,6.41
-250.0,240.0,48.8126059,7.8482898,143.79,153.48,9.69
-240.0,240.0,48.8126059,7.8484262,143.45,148.21,4.75
-230.0,240.0,48.8126059,7.8485626,143.53,155.01,11.48
-220.0,240.0,48.8126059,7.848699,143.25,158.25,15.0
-210.0,240.0,48.8126059,7.8488355,143.29,143.94,0.65
-200.0,240.0,48.8126059,7.8489719,143.23,153.77,10.55
-190.0,240.0,48.8126059,7.8491083,143.08,144.99,1.91
-180.0,240.0,48.8126059,7.8492447,142.8,146.59,3.79
-170.0,240.0,48.8126059,7.8493811,142.98,147.52,4.54
-160.0,240.0,48.8126059,7.8495175,142.97,146.76,3.8
-150.0,240.0,48.8126059,7.8496539,142.81,153.96,11.15
-140.0,240.0,48.8126059,7.8497903,143.13,146.36,3.23
-130.0,240.0,48.8126059,7.8499267,142.92,142.99,0.07
-120.0,240.0,48.8126059,7.8500631,142.87,146.26,3.39
-110.0,240.0,48.8126059,7.8501995,142.91,146.4,3.49
-100.0,240.0,48.8126059,7.8503359,142.88,150.11,7.24
-90.0,240.0,48.8126059,7.8504723,143.04,159.64,16.6
-80.0,240.0,48.8126059,7.8506087,142.63,152.16,9.53
-70.0,240.0,48.8126059,7.8507452,142.64,142.64,0.0
-60.0,240.0,48.8126059,7.8508816,142.71,142.71,0.0
-50.0,240.0,48.8126059,7.851018,142.66,142.66,0.0
-40.0,240.0,48.8126059,7.8511544,142.52,142.52,0.0
-30.0,240.0,48.8126059,7.8512908,143.02,152.79,9.77
-20.0,240.0,48.8126059,7.8514272,142.71,159.84,17.13
-10.0,240.0,48.8126059,7.8515636,142.48,159.22,16.73
0.0,240.0,48.8126059,7.8517,142.51,151.47,8.96
10.0,240.0,48.8126059,7.8518364,142.71,142.68,-0.03
20.0,240.0,48.8126059,7.8519728,142.55,142.55,0.0
30.0,240.0,48.8126059,7.8521092,142.67,144.55,1.88
40.0,240.0,48.8126059,7.8522456,142.67,142.67,0.0
50.0,240.0,48.8126059,7.852382,142.77,142.77,0.0
60.0,240.0,48.8126059,7.8525184,142.76,143.98,1.22
70.0,240.0,48.8126059,7.8526548,142.59,142.59,0.0
80.0,240.0,48.8126059,7.8527913,142.62,142.62,0.0
90.0,240.0,48.8126059,7.8529277,142.5,142.5,0.0
100.0,240.0,48.8126059,7.8530641,142.45,142.45,0.0
110.0,240.0,48.8126059,7.8532005,142.53,142.53,0.0
120.0,240.0,48.8126059,7.8533369,142.57,142.57,0.0
130.0,240.0,48.8126059,7.8534733,142.37,153.46,11.1
140.0,240.0,48.8126059,7.8536097,142.64,142.64,0.0
150.0,240.0,48.8126059,7.8537461,142.38,142.38,0.0
160.0,240.0,48.8126059,7.8538825,142.5,142.5,0.0
170.0,240.0,48.8126059,7.8540189,142.45,142.45,0.0
180.0,240.0,48.8126059,7.8541553,142.45,142.45,0.0
190.0,240.0,48.8126059,7.8542917,142.37,142.37,0.0
200.0,240.0,48.8126059,7.8544281,142.2,142.2,0.0
210.0,240.0,48.8126059,7.8545645,142.37,142.37,0.0
220.0,240.0,48.8126059,7.854701,142.4,142.4,0.0
230.0,240.0,48.8126059,7.8548374,142.34,142.34,0.0
240.0,240.0,48.8126059,7.8549738,142.25,142.25,0.0
250.0,240.0,48.8126059,7.8551102,142.18,142.18,0.0
260.0,240.0,48.8126059,7.8552466,142.07,142.07,0.0
270.0,240.0,48.8126059,7.855383,142.24,142.24,0.0
280.0,240.0,48.8126059,7.8555194,142.18,142.18,0.0
290.0,240.0,48.8126059,7.8556558,142.38,142.38,0.0
300.0,240.0,48.8126059,7.8557922,142.33,142.33,0.0
-300.0,230.0,48.8125161,7.8476078,143.21,143.21,0.0
-290.0,230.0,48.8125161,7.8477442,143.39,150.68,7.29
-280.0,230.0,48.8125161,7.8478806,143.38,145.43,2.05
-270.0,230.0,48.8125161,7.848017,143.76,147.4,3.63
-260.0,230.0,48.8125161,7.8481534,143.66,147.07,3.41
-250.0,230.0,48.8125161,7.8482898,143.79,145.02,1.23
-240.0,230.0,48.8125161,7.8484262,143.64,149.55,5.91
-230.0,230.0,48.8125161,7.8485626,143.59,155.41,11.82
-220.0,230.0,48.8125161,7.848699,143.36,153.59,10.23
-210.0,230.0,48.8125161,7.8488355,143.28,149.57,6.29
-200.0,230.0,48.8125161,7.8489719,143.17,161.06,17.89
-190.0,230.0,48.8125161,7.8491083,142.92,150.79,7.87
-180.0,230.0,48.8125161,7.8492447,143.12,147.56,4.44
-170.0,230.0,48.8125161,7.8493811,143.05,150.75,7.7
-160.0,230.0,48.8125161,7.8495175,142.96,144.76,1.8
-150.0,230.0,48.8125161,7.8496539,142.96,153.93,10.98
-140.0,230.0,48.8125161,7.8497903,142.98,143.19,0.21
-130.0,230.0,48.8125161,7.8499267,142.95,144.66,1.71
-120.0,230.0,48.8125161,7.8500631,143.18,145.94,2.77
-110.0,230.0,48.8125161,7.8501995,143.09,145.61,2.52
-100.0,230.0,48.8125161,7.8503359,143.05,143.05,0.0
-90.0,230.0,48.8125161,7.8504723,143.04,147.45,4.42
-80.0,230.0,48.8125161,7.8506087,142.73,142.73,0.0
-70.0,230.0,48.8125161,7.8507452,142.62,142.62,0.0
-60.0,230.0,48.8125161,7.8508816,142.66,142.66,0.0
-50.0,230.0,48.8125161,7.851018,142.66,142.66,0.0
-40.0,230.0,48.8125161,7.8511544,142.57,142.57,0.0
-30.0,230.0,48.8125161,7.8512908,142.85,154.4,11.55
-20.0,230.0,48.8125161,7.8514272,142.72,155.48,12.76
-10.0,230.0,48.8125161,7.8515636,142.56,155.43,12.87
0.0,230.0,48.8125161,7.8517,142.53,148.48,5.95
10.0,230.0,48.8125161,7.8518364,142.58,150.83,8.25
20.0,230.0,48.8125161,7.8519728,142.71,142.71,0.0
30.0,230.0,48.8125161,7.8521092,142.55,155.01,12.45
40.0,230.0,48.8125161,7.8522456,142.78,142.82,0.05
50.0,230.0,48.8125161,7.852382,142.64,144.02,1.38
60.0,230.0,48.8125161,7.8525184,142.73,144.51,1.78
70.0,230.0,48.8125161,7.8526548,142.61,142.61,0.0
80.0,230.0,48.8125161,7.8527913,142.65,142.65,0.0
90.0,230.0,48.8125161,7.8529277,142.66,142.66,0.0
100.0,230.0,48.8125161,7.8530641,142.54,142.54,0.0
110.0,230.0,48.8125161,7.8532005,142.66,142.66,0.0
120.0,230.0,48.8125161,7.8533369,142.21,142.21,0.0
130.0,230.0,48.8125161,7.8534733,142.57,142.57,0.0
140.0,230.0,48.8125161,7.8536097,142.62,142.62,0.0
150.0,230.0,48.8125161,7.8537461,142.61,142.61,0.0
160.0,230.0,48.8125161,7.8538825,142.56,142.56,0.0
170.0,230.0,48.8125161,7.8540189,142.46,142.46,0.0
180.0,230.0,48.8125161,7.8541553,142.34,142.34,0.0
190.0,230.0,48.8125161,7.8542917,142.41,142.41,0.0
200.0,230.0,48.8125161,7.8544281,142.49,142.49,0.0
210.0,230.0,48.8125161,7.8545645,142.35,142.35,0.0
220.0,230.0,48.8125161,7.854701,142.4,142.4,0.0
230.0,230.0,48.8125161,7.8548374,142.28,142.28,0.0
240.0,230.0,48.8125161,7.8549738,142.18,142.18,0.0
250.0,230.0,48.8125161,7.8551102,142.17,142.17,0.0
260.0,230.0,48.8125161,7.8552466,142.26,142.26,0.0
270.0,230.0,48.8125161,7.855383,142.28,142.28,0.0
280.0,230.0,48.8125161,7.8555194,142.27,142.27,0.0
290.0,230.0,48.8125161,7.8556558,142.19,142.19,0.0
300.0,230.0,48.8125161,7.8557922,142.16,142.16,0.0
-300.0,220.0,48.8124263,7.8476078,143.19,143.19,0.0
-290.0,220.0,48.8124263,7.8477442,143.11,144.48,1.37
-280.0,220.0,48.8124263,7.8478806,143.28,143.28,0.0
-270.0,220.0,48.8124263,7.848017,143.89,151.33,7.43
-260.0,220.0,48.8124263,7.8481534,143.69,145.49,1.8
-250.0,220.0,48.8124263,7.8482898,143.55,154.12,10.57
-240.0,220.0,48.8124263,7.8484262,143.79,143.81,0.02
-230.0,220.0,48.8124263,7.8485626,143.48,152.09,8.61
-220.0,220.0,48.8124263,7.848699,143.3,151.3,8.0
-210.0,220.0,48.8124263,7.8488355,143.19,152.79,9.6
-200.0,220.0,48.8124263,7.8489719,143.22,147.34,4.11
-190.0,220.0,48.8124263,7.8491083,143.26,145.94,2.68
-180.0,220.0,48.8124263,7.8492447,143.37,143.37,0.0
-170.0,220.0,48.8124263,7.8493811,143.28,144.57,1.29
-160.0,220.0,48.8124263,7.8495175,143.36,144.88,1.53
-150.0,220.0,48.8124263,7.8496539,143.4,145.61,2.22
-140.0,220.0,48.8124263,7.8497903,143.2,146.38,3.19
-130.0,220.0,48.8124263,7.8499267,143.41,143.41,0.0
-120.0,220.0,48.8124263,7.8500631,143.34,158.71,15.37
-110.0,220.0,48.8124263,7.8501995,143.21,148.0,4.79
-100.0,220.0,48.8124263,7.8503359,143.23,147.04,3.81
-90.0,220.0,48.8124263,7.8504723,142.99,142.99,0.01
-80.0,220.0,48.8124263,7.8506087,142.72,150.82,8.09
-70.0,220.0,48.8124263,7.8507452,142.75,142.75,0.0
-60.0,220.0,48.8124263,7.8508816,142.63,142.63,0.0
-50.0,220.0,48.8124263,7.851018,142.76,142.76,0.0
-40.0,220.0,48.8124263,7.8511544,142.73,142.73,0.0
-30.0,220.0,48.8124263,7.8512908,142.76,145.94,3.18
-20.0,220.0,48.8124263,7.8514272,142.82,154.14,11.31
-10.0,220.0,48.8124263,7.8515636,142.96,142.96,0.0
0.0,220.0,48.8124263,7.8517,142.69,142.69,0.0
10.0,220.0,48.8124263,7.8518364,142.78,158.58,15.8
20.0,220.0,48.8124263,7.8519728,142.65,151.59,8.93
30.0,220.0,48.8124263,7.8521092,142.65,143.7,1.05
40.0,220.0,48.8124263,7.8522456,142.76,143.73,0.97
50.0,220.0,48.8124263,7.852382,142.82,142.82,0.0
60.0,220.0,48.8124263,7.8525184,142.75,142.75,0.0
70.0,220.0,48.8124263,7.8526548,142.66,142.65,-0.01
80.0,220.0,48.8124263,7.8527913,142.64,144.38,1.74
90.0,220.0,48.8124263,7.8529277,142.62,142.62,0.0
100.0,220.0,48.8124263,7.8530641,142.53,142.53,0.0
110.0,220.0,48.8124263,7.8532005,142.57,142.57,0.0
120.0,220.0,48.8124263,7.8533369,142.5,142.5,0.0
130.0,220.0,48.8124263,7.8534733,142.47,142.47,0.0
140.0,220.0,48.8124263,7.8536097,142.4,142.4,0.0
150.0,220.0,48.8124263,7.8537461,142.47,142.47,0.0
160.0,220.0,48.8124263,7.8538825,142.48,142.48,0.0
170.0,220.0,48.8124263,7.8540189,142.53,142.53,0.0
180.0,220.0,48.8124263,7.8541553,142.41,142.41,0.0
190.0,220.0,48.8124263,7.8542917,142.37,142.37,0.0
200.0,220.0,48.8124263,7.8544281,142.38,142.38,0.0
210.0,220.0,48.8124263,7.8545645,142.31,142.31,0.0
220.0,220.0,48.8124263,7.854701,142.4,142.4,0.0
230.0,220.0,48.8124263,7.8548374,142.4,142.4,0.0
240.0,220.0,48.8124263,7.8549738,142.3,142.3,0.0
250.0,220.0,48.8124263,7.8551102,142.21,142.21,0.0
260.0,220.0,48.8124263,7.8552466,142.19,142.19,0.0
270.0,220.0,48.8124263,7.855383,142.17,142.17,0.0
280.0,220.0,48.8124263,7.8555194,142.24,142.24,0.0
290.0,220.0,48.8124263,7.8556558,142.2,142.2,0.0
300.0,220.0,48.8124263,7.8557922,142.11,142.11,0.0
-300.0,210.0,48.8123365,7.8476078,143.03,145.91,2.87
-290.0,210.0,48.8123365,7.8477442,143.15,143.15,0.0
-280.0,210.0,48.8123365,7.8478806,143.16,143.16,0.0
-270.0,210.0,48.8123365,7.848017,143.42,143.42,0.0
-260.0,210.0,48.8123365,7.8481534,143.49,148.05,4.56
-250.0,210.0,48.8123365,7.8482898,143.57,147.6,4.03
-240.0,210.0,48.8123365,7.8484262,143.49,147.52,4.03
-230.0,210.0,48.8123365,7.8485626,143.47,145.02,1.55
-220.0,210.0,48.8123365,7.848699,143.24,153.36,10.12
-210.0,210.0,48.8123365,7.8488355,143.6,151.21,7.6
-200.0,210.0,48.8123365,7.8489719,143.13,143.13,0.0
-190.0,210.0,48.8123365,7.8491083,143.06,145.56,2.51
-180.0,210.0,48.8123365,7.8492447,142.99,143.43,0.44
-170.0,210.0,48.8123365,7.8493811,142.93,142.93,0.0
-160.0,210.0,48.8123365,7.8495175,142.93,151.78,8.85
-150.0,210.0,48.8123365,7.8496539,142.85,144.22,1.37
-140.0,210.0,48.8123365,7.8497903,142.91,152.16,9.25
-130.0,210.0,48.8123365,7.8499267,143.03,144.39,1.36
-120.0,210.0,48.8123365,7.8500631,143.05,153.38,10.33
-110.0,210.0,48.8123365,7.8501995,143.53,147.47,3.94
-100.0,210.0,48.8123365,7.8503359,143.27,151.83,8.56
-90.0,210.0,48.8123365,7.8504723,143.09,149.86,6.77
-80.0,210.0,48.8123365,7.8506087,142.8,153.52,10.72
-70.0,210.0,48.8123365,7.8507452,142.56,142.56,0.0
-60.0,210.0,48.8123365,7.8508816,142.64,142.64,0.0
-50.0,210.0,48.8123365,7.851018,142.77,142.77,0.0
-40.0,210.0,48.8123365,7.8511544,142.76,142.76,0.0
-30.0,210.0,48.8123365,7.8512908,142.78,142.78,0.0
-20.0,210.0,48.8123365,7.8514272,142.92,143.0,0.09
-10.0,210.0,48.8123365,7.8515636,142.74,142.74,0.0
0.0,210.0,48.8123365,7.8517,142.7,153.09,10.38
10.0,210.0,48.8123365,7.8518364,142.6,151.79,9.19
20.0,210.0,48.8123365,7.8519728,142.62,153.22,10.6
30.0,210.0,48.8123365,7.8521092,142.62,142.62,0.0
40.0,210.0,48.8123365,7.8522456,142.68,143.88,1.2
50.0,210.0,48.8123365,7.852382,142.79,142.79,0.0
60.0,210.0,48.8123365,7.8525184,142.89,142.89,0.0
70.0,210.0,48.8123365,7.8526548,142.74,142.74,0.0
80.0,210.0,48.8123365,7.8527913,142.66,142.66,0.0
90.0,210.0,48.8123365,7.8529277,142.63,142.63,0.0
100.0,210.0,48.8123365,7.8530641,142.53,142.53,0.0
110.0,210.0,48.8123365,7.8532005,142.59,142.59,0.0
120.0,210.0,48.8123365,7.8533369,142.58,142.58,0.0
130.0,210.0,48.8123365,7.8534733,142.49,142.49,0.0
140.0,210.0,48.8123365,7.8536097,142.51,142.51,0.0
150.0,210.0,48.8123365,7.8537461,142.46,142.46,0.0
160.0,210.0,48.8123365,7.8538825,142.42,142.42,0.0
170.0,210.0,48.8123365,7.8540189,142.42,142.42,0.0
180.0,210.0,48.8123365,7.8541553,142.32,142.32,0.0
190.0,210.0,48.8123365,7.8542917,142.35,142.35,0.0
200.0,210.0,48.8123365,7.8544281,142.36,142.36,0.0
210.0,210.0,48.8123365,7.8545645,142.38,142.38,0.0
220.0,210.0,48.8123365,7.854701,142.29,142.29,0.0
230.0,210.0,48.8123365,7.8548374,142.29,142.29,0.0
240.0,210.0,48.8123365,7.8549738,142.34,142.34,0.0
250.0,210.0,48.8123365,7.8551102,142.3,142.3,0.0
260.0,210.0,48.8123365,7.8552466,142.32,142.32,0.0
270.0,210.0,48.8123365,7.855383,142.24,142.24,0.0
280.0,210.0,48.8123365,7.8555194,142.26,142.26,0.0
290.0,210.0,48.8123365,7.8556558,142.31,142.31,0.0
300.0,210.0,48.8123365,7.8557922,142.22,142.22,0.0
-300.0,200.0,48.8122466,7.8476078,143.03,143.03,0.0
-290.0,200.0,48.8122466,7.8477442,143.09,143.5,0.42
-280.0,200.0,48.8122466,7.8478806,143.0,143.0,0.0
-270.0,200.0,48.8122466,7.848017,143.06,143.06,0.0
-260.0,200.0,48.8122466,7.8481534,143.46,143.46,0.0
-250.0,200.0,48.8122466,7.8482898,143.75,143.75,0.0
-240.0,200.0,48.8122466,7.8484262,144.32,150.64,6.31
-230.0,200.0,48.8122466,7.8485626,143.59,151.13,7.54
-220.0,200.0,48.8122466,7.848699,143.0,152.11,9.11
-210.0,200.0,48.8122466,7.8488355,143.3,146.21,2.91
-200.0,200.0,48.8122466,7.8489719,143.01,152.27,9.27
-190.0,200.0,48.8122466,7.8491083,142.97,157.19,14.22
-180.0,200.0,48.8122466,7.8492447,142.94,143.84,0.89
-170.0,200.0,48.8122466,7.8493811,143.01,144.65,1.65
-160.0,200.0,48.8122466,7.8495175,142.8,146.06,3.26
-150.0,200.0,48.8122466,7.8496539,142.84,143.54,0.71
-140.0,200.0,48.8122466,7.8497903,142.89,144.38,1.49
-130.0,200.0,48.8122466,7.8499267,142.92,144.5,1.58
-120.0,200.0,48.8122466,7.8500631,142.91,147.84,4.92
-110.0,200.0,48.8122466,7.8501995,142.93,153.23,10.3
-100.0,200.0,48.8122466,7.8503359,143.49,149.2,5.71
-90.0,200.0,48.8122466,7.8504723,143.1,150.2,7.1
-80.0,200.0,48.8122466,7.8506087,142.82,152.55,9.74
-70.0,200.0,48.8122466,7.8507452,142.61,142.61,0.0
-60.0,200.0,48.8122466,7.8508816,142.65,142.65,0.0
-50.0,200.0,48.8122466,7.851018,142.6,142.6,0.0
-40.0,200.0,48.8122466,7.8511544,142.72,142.72,0.0
-30.0,200.0,48.8122466,7.8512908,142.66,142.66,0.0
-20.0,200.0,48.8122466,7.8514272,142.79,142.79,0.0
-10.0,200.0,48.8122466,7.8515636,142.84,143.71,0.88
0.0,200.0,48.8122466,7.8517,142.69,142.69,0.0
10.0,200.0,48.8122466,7.8518364,142.82,143.16,0.34
20.0,200.0,48.8122466,7.8519728,142.67,148.47,5.81
30.0,200.0,48.8122466,7.8521092,142.72,142.72,0.0
40.0,200.0,48.8122466,7.8522456,142.79,142.79,0.0
50.0,200.0,48.8122466,7.852382,142.75,156.96,14.21
60.0,200.0,48.8122466,7.8525184,142.74,152.7,9.96
70.0,200.0,48.8122466,7.8526548,142.74,142.74,0.0
80.0,200.0,48.8122466,7.8527913,142.86,142.86,0.0
90.0,200.0,48.8122466,7.8529277,142.76,142.76,0.0
100.0,200.0,48.8122466,7.8530641,142.59,142.59,0.0
110.0,200.0,48.8122466,7.8532005,142.33,142.33,0.0
120.0,200.0,48.8122466,7.8533369,142.46,142.46,0.0
130.0,200.0,48.8122466,7.8534733,142.38,142.38,0.0
140.0,200.0,48.8122466,7.8536097,142.49,142.49,0.0
150.0,200.0,48.8122466,7.8537461,142.47,142.47,0.0
160.0,200.0,48.8122466,7.8538825,142.42,142.42,0.0
170.0,200.0,48.8122466,7.8540189,142.52,142.52,0.0
180.0,200.0,48.8122466,7.8541553,142.42,142.42,0.0
190.0,200.0,48.8122466,7.8542917,142.53,142.53,0.0
200.0,200.0,48.8122466,7.8544281,142.39,142.39,0.0
210.0,200.0,48.8122466,7.8545645,142.43,142.43,0.0
220.0,200.0,48.8122466,7.854701,142.34,142.34,0.0
230.0,200.0,48.8122466,7.8548374,142.34,142.34,0.0
240.0,200.0,48.8122466,7.8549738,142.32,142.32,0.0
250.0,200.0,48.8122466,7.8551102,142.42,142.42,0.0
260.0,200.0,48.8122466,7.8552466,142.12,142.12,0.0
270.0,200.0,48.8122466,7.855383,142.22,142.22,0.0
280.0,200.0,48.8122466,7.8555194,142.33,142.33,0.0
290.0,200.0,48.8122466,7.8556558,142.37,142.37,0.0
300.0,200.0,48.8122466,7.8557922,142.21,142.21,0.0
-300.0,190.0,48.8121568,7.8476078,142.92,144.28,1.36
-290.0,190.0,48.8121568,7.8477442,142.89,145.17,2.28
-280.0,190.0,48.8121568,7.8478806,142.86,143.59,0.73
-270.0,190.0,48.8121568,7.848017,142.97,142.97,0.0
-260.0,190.0,48.8121568,7.8481534,143.39,144.43,1.05
-250.0,190.0,48.8121568,7.8482898,143.36,144.25,0.89
-240.0,190.0,48.8121568,7.8484262,143.65,143.65,0.0
-230.0,190.0,48.8121568,7.8485626,143.46,151.97,8.51
-220.0,190.0,48.8121568,7.848699,143.07,143.07,0.0
-210.0,190.0,48.8121568,7.8488355,142.94,142.94,0.0
-200.0,190.0,48.8121568,7.8489719,143.35,143.35,0.0
-190.0,190.0,48.8121568,7.8491083,142.73,142.91,0.18
-180.0,190.0,48.8121568,7.8492447,142.84,143.91,1.07
-170.0,190.0,48.8121568,7.8493811,142.99,154.66,11.67
-160.0,190.0,48.8121568,7.8495175,142.95,148.28,5.33
-150.0,190.0,48.8121568,7.8496539,142.93,144.22,1.29
-140.0,190.0,48.8121568,7.8497903,142.91,148.56,5.65
-130.0,190.0,48.8121568,7.8499267,142.95,151.15,8.2
-120.0,190.0,48.8121568,7.8500631,142.92,147.39,4.47
-110.0,190.0,48.8121568,7.8501995,142.82,154.01,11.19
-100.0,190.0,48.8121568,7.8503359,143.33,151.31,7.99
-90.0,190.0,48.8121568,7.8504723,142.99,158.34,15.35
-80.0,190.0,48.8121568,7.8506087,142.76,150.77,8.01
-70.0,190.0,48.8121568,7.8507452,142.6,146.25,3.65
-60.0,190.0,48.8121568,7.8508816,142.56,142.56,0.0
-50.0,190.0,48.8121568,7.851018,142.54,142.54,0.0
-40.0,190.0,48.8121568,7.8511544,142.54,142.54,0.0
-30.0,190.0,48.8121568,7.8512908,142.5,142.5,0.0
-20.0,190.0,48.8121568,7.8514272,142.89,155.73,12.85
-10.0,190.0,48.8121568,7.8515636,142.65,142.65,0.0
0.0,190.0,48.8121568,7.8517,142.53,142.88,0.35
10.0,190.0,48.8121568,7.8518364,142.5,142.57,0.07
20.0,190.0,48.8121568,7.8519728,142.57,142.57,0.0
30.0,190.0,48.8121568,7.8521092,142.55,142.55,0.0
40.0,190.0,48.8121568,7.8522456,142.53,142.63,0.1
50.0,190.0,48.8121568,7.852382,142.52,156.52,14.0
60.0,190.0,48.8121568,7.8525184,142.5,156.09,13.59
70.0,190.0,48.8121568,7.8526548,142.64,151.7,9.06
80.0,190.0,48.8121568,7.8527913,142.54,142.54,0.0
90.0,190.0,48.8121568,7.8529277,142.82,142.82,0.0
100.0,190.0,48.8121568,7.8530641,142.6,143.37,0.77
110.0,190.0,48.8121568,7.8532005,142.46,142.46,0.0
120.0,190.0,48.8121568,7.8533369,142.41,142.41,0.0
130.0,190.0,48.8121568,7.8534733,142.43,142.43,0.0
140.0,190.0,48.8121568,7.8536097,142.29,142.29,0.0
150.0,190.0,48.8121568,7.8537461,142.33,142.33,0.0
160.0,190.0,48.8121568,7.8538825,142.32,142.32,0.0
170.0,190.0,48.8121568,7.8540189,142.41,142.41,0.0
180.0,190.0,48.8121568,7.8541553,142.39,142.39,0.0
190.0,190.0,48.8121568,7.8542917,142.41,142.41,0.0
200.0,190.0,48.8121568,7.8544281,142.46,142.46,0.0
210.0,190.0,48.8121568,7.8545645,142.33,142.33,0.0
220.0,190.0,48.8121568,7.854701,142.34,142.34,0.0
230.0,190.0,48.8121568,7.8548374,142.31,142.31,0.0
240.0,190.0,48.8121568,7.8549738,142.24,142.24,0.0
250.0,190.0,48.8121568,7.8551102,142.34,142.34,0.0
260.0,190.0,48.8121568,7.8552466,142.33,142.33,0.0
270.0,190.0,48.8121568,7.855383,142.31,142.31,0.0
280.0,190.0,48.8121568,7.8555194,142.42,142.42,0.0
290.0,190.0,48.8121568,7.8556558,142.25,142.25,0.0
300.0,190.0,48.8121568,7.8557922,142.28,142.28,0.0
-300.0,180.0,48.812067,7.8476078,142.93,143.92,1.0
-290.0,180.0,48.812067,7.8477442,142.81,154.78,11.97
-280.0,180.0,48.812067,7.8478806,142.96,148.31,5.35
-270.0,180.0,48.812067,7.848017,142.88,142.88,0.0
-260.0,180.0,48.812067,7.8481534,142.92,142.92,0.0
-250.0,180.0,48.812067,7.8482898,143.15,143.15,0.0
-240.0,180.0,48.812067,7.8484262,143.32,153.2,9.89
-230.0,180.0,48.812067,7.8485626,143.83,143.96,0.13
-220.0,180.0,48.812067,7.848699,143.52,143.52,0.0
-210.0,180.0,48.812067,7.8488355,142.96,146.35,3.4
-200.0,180.0,48.812067,7.8489719,142.95,146.46,3.51
-190.0,180.0,48.812067,7.8491083,142.9,143.61,0.71
-180.0,180.0,48.812067,7.8492447,143.13,150.06,6.93
-170.0,180.0,48.812067,7.8493811,143.03,152.94,9.91
-160.0,180.0,48.812067,7.8495175,143.02,143.69,0.67
-150.0,180.0,48.812067,7.8496539,143.04,149.93,6.89
-140.0,180.0,48.812067,7.8497903,142.82,155.64,12.82
-130.0,180.0,48.812067,7.8499267,143.01,154.08,11.08
-120.0,180.0,48.812067,7.8500631,142.75,153.87,11.12
-110.0,180.0,48.812067,7.8501995,142.79,153.83,11.04
-100.0,180.0,48.812067,7.8503359,143.23,156.0,12.77
-90.0,180.0,48.812067,7.8504723,143.07,155.06,12.0
-80.0,180.0,48.812067,7.8506087,142.78,150.73,7.95
-70.0,180.0,48.812067,7.8507452,142.55,152.8,10.25
-60.0,180.0,48.812067,7.8508816,142.46,142.46,0.0
-50.0,180.0,48.812067,7.851018,142.4,142.4,0.0
-40.0,180.0,48.812067,7.8511544,142.43,142.43,0.0
-30.0,180.0,48.812067,7.8512908,142.53,142.53,0.0
-20.0,180.0,48.812067,7.8514272,142.59,146.85,4.26
-10.0,180.0,48.812067,7.8515636,142.6,143.3,0.7
0.0,180.0,48.812067,7.8517,142.43,142.43,0.0
10.0,180.0,48.812067,7.8518364,142.71,142.71,0.0
20.0,180.0,48.812067,7.8519728,142.68,142.68,0.0
30.0,180.0,48.812067,7.8521092,142.48,144.6,2.12
40.0,180.0,48.812067,7.8522456,142.57,142.57,0.0
50.0,180.0,48.812067,7.852382,142.5,142.5,0.0
60.0,180.0,48.812067,7.8525184,142.57,142.57,0.0
70.0,180.0,48.812067,7.8526548,142.49,142.49,0.0
80.0,180.0,48.812067,7.8527913,142.52,143.51,1.0
90.0,180.0,48.812067,7.8529277,142.85,143.87,1.02
100.0,180.0,48.812067,7.8530641,142.71,142.71,-0.0
110.0,180.0,48.812067,7.8532005,142.42,142.42,0.0
120.0,180.0,48.812067,7.8533369,142.48,142.48,0.0
130.0,180.0,48.812067,7.8534733,142.56,142.56,0.0
140.0,180.0,48.812067,7.8536097,142.36,142.36,0.0
150.0,180.0,48.812067,7.8537461,142.38,142.38,0.0
160.0,180.0,48.812067,7.8538825,142.43,142.43,0.0
170.0,180.0,48.812067,7.8540189,142.45,142.45,0.0
180.0,180.0,48.812067,7.8541553,142.46,142.46,0.0
190.0,180.0,48.812067,7.8542917,142.36,142.36,0.0
200.0,180.0,48.812067,7.8544281,142.47,142.47,0.0
210.0,180.0,48.812067,7.8545645,142.41,142.41,0.0
220.0,180.0,48.812067,7.854701,142.34,142.34,0.0
230.0,180.0,48.812067,7.8548374,142.37,142.37,0.0
240.0,180.0,48.812067,7.8549738,142.34,142.34,0.0
250.0,180.0,48.812067,7.8551102,142.4,142.4,0.0
260.0,180.0,48.812067,7.8552466,142.39,142.39,0.0
270.0,180.0,48.812067,7.855383,142.35,142.35,0.0
280.0,180.0,48.812067,7.8555194,142.27,142.27,0.0
290.0,180.0,48.812067,7.8556558,142.29,142.29,0.0
300.0,180.0,48.812067,7.8557922,142.26,142.26,0.0
-300.0,170.0,48.8119771,7.8476078,143.12,146.09,2.97
-290.0,170.0,48.8119771,7.8477442,142.87,142.93,0.06
-280.0,170.0,48.8119771,7.8478806,142.94,150.78,7.84
-270.0,170.0,48.8119771,7.848017,142.89,143.41,0.52
-260.0,170.0,48.8119771,7.8481534,142.84,142.84,0.0
-250.0,170.0,48.8119771,7.8482898,143.04,144.79,1.75
-240.0,170.0,48.8119771,7.8484262,143.31,143.31,0.0
-230.0,170.0,48.8119771,7.8485626,143.22,144.4,1.18
-220.0,170.0,48.8119771,7.848699,143.25,144.11,0.86
-210.0,170.0,48.8119771,7.8488355,142.99,146.71,3.72
-200.0,170.0,48.8119771,7.8489719,142.83,143.54,0.71
-190.0,170.0,48.8119771,7.8491083,142.91,146.61,3.7
-180.0,170.0,48.8119771,7.8492447,143.01,154.08,11.07
-170.0,170.0,48.8119771,7.8493811,143.53,154.29,10.76
-160.0,170.0,48.8119771,7.8495175,143.23,154.24,11.01
-150.0,170.0,48.8119771,7.8496539,142.97,147.05,4.08
-140.0,170.0,48.8119771,7.8497903,142.82,155.05,12.22
-130.0,170.0,48.8119771,7.8499267,142.85,154.12,11.27
-120.0,170.0,48.8119771,7.8500631,142.73,157.05,14.32
-110.0,170.0,48.8119771,7.8501995,142.67,155.97,13.3
-100.0,170.0,48.8119771,7.8503359,142.92,154.1,11.18
-90.0,170.0,48.8119771,7.8504723,143.09,156.29,13.2
-80.0,170.0,48.8119771,7.8506087,142.66,157.5,14.84
-70.0,170.0,48.8119771,7.8507452,142.61,158.02,15.41
-60.0,170.0,48.8119771,7.8508816,142.48,142.48,0.0
-50.0,170.0,48.8119771,7.851018,142.43,142.43,0.0
-40.0,170.0,48.8119771,7.8511544,142.45,142.45,0.0
-30.0,170.0,48.8119771,7.8512908,142.42,142.42,0.0
-20.0,170.0,48.8119771,7.8514272,142.42,142.42,0.0
-10.0,170.0,48.8119771,7.8515636,142.57,142.57,0.0
0.0,170.0,48.8119771,7.8517,142.54,142.54,0.0
10.0,170.0,48.8119771,7.8518364,142.71,142.71,0.0
20.0,170.0,48.8119771,7.8519728,142.64,142.64,0.0
30.0,170.0,48.8119771,7.8521092,142.54,142.54,0.0
40.0,170.0,48.8119771,7.8522456,142.62,143.76,1.14
50.0,170.0,48.8119771,7.852382,142.71,142.71,0.0
60.0,170.0,48.8119771,7.8525184,142.49,142.6,0.11
70.0,170.0,48.8119771,7.8526548,142.58,142.58,0.0
80.0,170.0,48.8119771,7.8527913,142.59,143.6,1.01
90.0,170.0,48.8119771,7.8529277,142.98,143.8,0.82
100.0,170.0,48.8119771,7.8530641,142.81,143.07,0.27
110.0,170.0,48.8119771,7.8532005,142.6,142.6,0.0
120.0,170.0,48.8119771,7.8533369,142.71,142.71,0.0
130.0,170.0,48.8119771,7.8534733,142.51,142.51,0.0
140.0,170.0,48.8119771,7.8536097,142.53,142.53,0.0
150.0,170.0,48.8119771,7.8537461,142.5,142.5,0.0
160.0,170.0,48.8119771,7.8538825,142.49,142.49,0.0
170.0,170.0,48.8119771,7.8540189,142.44,142.44,0.0
180.0,170.0,48.8119771,7.8541553,142.46,142.46,0.0
190.0,170.0,48.8119771,7.8542917,142.33,142.33,0.0
200.0,170.0,48.8119771,7.8544281,142.39,142.39,0.0
210.0,170.0,48.8119771,7.8545645,142.38,142.38,0.0
220.0,170.0,48.8119771,7.854701,142.43,142.43,0.0
230.0,170.0,48.8119771,7.8548374,142.25,142.25,0.0
240.0,170.0,48.8119771,7.8549738,142.17,142.17,0.0
250.0,170.0,48.8119771,7.8551102,142.23,142.23,0.0
260.0,170.0,48.8119771,7.8552466,142.39,142.39,0.0
270.0,170.0,48.8119771,7.855383,142.44,142.44,0.0
280.0,170.0,48.8119771,7.8555194,142.23,142.23,0.0
290.0,170.0,48.8119771,7.8556558,142.39,142.39,0.0
300.0,170.0,48.8119771,7.8557922,142.34,142.34,0.0
-300.0,160.0,48.8118873,7.8476078,143.0,151.2,8.21
-290.0,160.0,48.8118873,7.8477442,142.91,142.93,0.02
-280.0,160.0,48.8118873,7.8478806,142.89,142.89,0.0
-270.0,160.0,48.8118873,7.848017,142.83,142.83,0.0
-260.0,160.0,48.8118873,7.8481534,143.01,143.01,0.0
-250.0,160.0,48.8118873,7.8482898,142.98,150.96,7.98
-240.0,160.0,48.8118873,7.8484262,142.92,149.85,6.93
-230.0,160.0,48.8118873,7.8485626,143.01,151.9,8.89
-220.0,160.0,48.8118873,7.848699,143.12,143.39,0.27
-210.0,160.0,48.8118873,7.8488355,142.86,149.83,6.98
-200.0,160.0,48.8118873,7.8489719,142.97,142.97,0.0
-190.0,160.0,48.8118873,7.8491083,143.01,154.17,11.16
-180.0,160.0,48.8118873,7.8492447,143.04,155.06,12.02
-170.0,160.0,48.8118873,7.8493811,143.06,151.63,8.57
-160.0,160.0,48.8118873,7.8495175,143.06,154.7,11.64
-150.0,160.0,48.8118873,7.8496539,142.97,155.59,12.62
-140.0,160.0,48.8118873,7.8497903,143.08,143.08,0.0
-130.0,160.0,48.8118873,7.8499267,142.81,158.59,15.79
-120.0,160.0,48.8118873,7.8500631,142.81,142.81,0.0
-110.0,160.0,48.8118873,7.8501995,142.59,142.62,0.03
-100.0,160.0,48.8118873,7.8503359,142.67,153.81,11.14
-90.0,160.0,48.8118873,7.8504723,142.93,156.01,13.08
-80.0,160.0,48.8118873,7.8506087,142.58,157.91,15.32
-70.0,160.0,48.8118873,7.8507452,142.46,157.42,14.96
-60.0,160.0,48.8118873,7.8508816,142.4,142.4,0.0
-50.0,160.0,48.8118873,7.851018,142.39,142.39,0.0
-40.0,160.0,48.8118873,7.8511544,142.41,142.41,0.0
-30.0,160.0,48.8118873,7.8512908,142.4,142.4,0.0
-20.0,160.0,48.8118873,7.8514272,142.29,142.29,0.0
-10.0,160.0,48.8118873,7.8515636,142.53,142.53,0.0
0.0,160.0,48.8118873,7.8517,142.66,142.66,0.0
10.0,160.0,48.8118873,7.8518364,142.54,142.8,0.25
20.0,160.0,48.8118873,7.8519728,142.57,143.61,1.04
30.0,160.0,48.8118873,7.8521092,142.48,142.48,0.0
40.0,160.0,48.8118873,7.8522456,142.56,142.56,0.0
50.0,160.0,48.8118873,7.852382,142.54,143.06,0.52
60.0,160.0,48.8118873,7.8525184,142.52,142.52,0.0
70.0,160.0,48.8118873,7.8526548,142.57,143.51,0.94
80.0,160.0,48.8118873,7.8527913,142.59,142.59,0.0
90.0,160.0,48.8118873,7.8529277,142.48,143.61,1.13
100.0,160.0,48.8118873,7.8530641,142.53,142.53,0.0
110.0,160.0,48.8118873,7.8532005,142.85,142.85,0.0
120.0,160.0,48.8118873,7.8533369,142.53,142.53,0.0
130.0,160.0,48.8118873,7.8534733,142.39,144.91,2.52
140.0,160.0,48.8118873,7.8536097,142.45,142.45,0.0
150.0,160.0,48.8118873,7.8537461,142.3,142.3,0.0
160.0,160.0,48.8118873,7.8538825,142.41,142.41,0.0
170.0,160.0,48.8118873,7.8540189,142.33,142.33,0.0
180.0,160.0,48.8118873,7.8541553,142.5,142.5,0.0
190.0,160.0,48.8118873,7.8542917,142.39,142.39,0.0
200.0,160.0,48.8118873,7.8544281,142.42,142.42,0.0
210.0,160.0,48.8118873,7.8545645,142.44,142.44,0.0
220.0,160.0,48.8118873,7.854701,142.32,142.32,0.0
230.0,160.0,48.8118873,7.8548374,142.32,142.32,0.0
240.0,160.0,48.8118873,7.8549738,142.25,142.25,0.0
250.0,160.0,48.8118873,7.8551102,142.23,142.23,0.0
260.0,160.0,48.8118873,7.8552466,142.33,142.33,0.0
270.0,160.0,48.8118873,7.855383,142.31,142.31,0.0
280.0,160.0,48.8118873,7.8555194,142.19,142.19,0.0
290.0,160.0,48.8118873,7.8556558,142.23,142.23,0.0
300.0,160.0,48.8118873,7.8557922,142.14,142.14,0.0
-300.0,150.0,48.8117975,7.8476078,143.07,144.78,1.71
-290.0,150.0,48.8117975,7.8477442,143.04,154.57,11.53
-280.0,150.0,48.8117975,7.8478806,143.01,145.85,2.84
-270.0,150.0,48.8117975,7.848017,142.92,142.92,0.0
-260.0,150.0,48.8117975,7.8481534,143.01,151.44,8.43
-250.0,150.0,48.8117975,7.8482898,143.05,156.05,13.0
-240.0,150.0,48.8117975,7.8484262,142.96,154.66,11.7
-230.0,150.0,48.8117975,7.8485626,142.87,149.67,6.8
-220.0,150.0,48.8117975,7.848699,142.78,154.65,11.87
-210.0,150.0,48.8117975,7.8488355,142.78,154.44,11.66
-200.0,150.0,48.8117975,7.8489719,142.82,155.06,12.25
-190.0,150.0,48.8117975,7.8491083,142.87,154.69,11.81
-180.0,150.0,48.8117975,7.8492447,143.0,152.61,9.61
-170.0,150.0,48.8117975,7.8493811,143.01,143.01,0.0
-160.0,150.0,48.8117975,7.8495175,142.91,152.66,9.76
-150.0,150.0,48.8117975,7.8496539,142.91,142.91,0.0
-140.0,150.0,48.8117975,7.8497903,142.9,149.17,6.26
-130.0,150.0,48.8117975,7.8499267,142.82,152.17,9.35
-120.0,150.0,48.8117975,7.8500631,142.64,155.16,12.52
-110.0,150.0,48.8117975,7.8501995,142.62,154.83,12.22
-100.0,150.0,48.8117975,7.8503359,142.74,154.88,12.14
-90.0,150.0,48.8117975,7.8504723,142.93,153.32,10.38
-80.0,150.0,48.8117975,7.8506087,142.43,157.4,14.97
-70.0,150.0,48.8117975,7.8507452,142.38,153.5,11.12
-60.0,150.0,48.8117975,7.8508816,142.31,147.34,5.02
-50.0,150.0,48.8117975,7.851018,142.31,142.31,0.0
-40.0,150.0,48.8117975,7.8511544,142.37,142.37,0.0
-30.0,150.0,48.8117975,7.8512908,142.44,142.44,0.0
-20.0,150.0,48.8117975,7.8514272,142.35,142.35,0.0
-10.0,150.0,48.8117975,7.8515636,142.62,143.61,0.99
0.0,150.0,48.8117975,7.8517,142.62,143.34,0.72
10.0,150.0,48.8117975,7.8518364,142.55,142.55,0.0
20.0,150.0,48.8117975,7.8519728,142.49,142.49,0.0
30.0,150.0,48.8117975,7.8521092,142.6,142.83,0.23
40.0,150.0,48.8117975,7.8522456,142.55,142.55,0.0
50.0,150.0,48.8117975,7.852382,142.47,142.47,0.0
60.0,150.0,48.8117975,7.8525184,142.59,142.59,0.0
70.0,150.0,48.8117975,7.8526548,142.49,142.49,0.0
80.0,150.0,48.8117975,7.8527913,142.57,143.0,0.43
90.0,150.0,48.8117975,7.8529277,142.52,142.52,0.0
100.0,150.0,48.8117975,7.8530641,142.6,142.6,0.0
110.0,150.0,48.8117975,7.8532005,142.59,143.64,1.04
120.0,150.0,48.8117975,7.8533369,142.83,142.83,0.0
130.0,150.0,48.8117975,7.8534733,142.54,145.05,2.5
140.0,150.0,48.8117975,7.8536097,142.49,142.49,0.0
150.0,150.0,48.8117975,7.8537461,142.34,142.34,0.0
160.0,150.0,48.8117975,7.8538825,142.55,142.55,0.0
170.0,150.0,48.8117975,7.8540189,142.35,142.35,0.0
180.0,150.0,48.8117975,7.8541553,142.3,142.3,0.0
190.0,150.0,48.8117975,7.8542917,142.34,142.34,0.0
200.0,150.0,48.8117975,7.8544281,142.29,142.29,0.0
210.0,150.0,48.8117975,7.8545645,142.4,142.4,0.0
220.0,150.0,48.8117975,7.854701,142.36,142.36,0.0
230.0,150.0,48.8117975,7.8548374,142.2,142.2,0.0
240.0,150.0,48.8117975,7.8549738,142.23,142.23,0.0
250.0,150.0,48.8117975,7.8551102,142.26,142.26,0.0
260.0,150.0,48.8117975,7.8552466,142.22,142.22,0.0
270.0,150.0,48.8117975,7.855383,142.34,142.34,0.0
280.0,150.0,48.8117975,7.8555194,142.31,142.31,0.0
290.0,150.0,48.8117975,7.8556558,142.25,142.25,0.0
300.0,150.0,48.8117975,7.8557922,142.24,142.24,0.0
-300.0,140.0,48.8117076,7.8476078,142.98,147.21,4.22
-290.0,140.0,48.8117076,7.8477442,143.13,146.38,3.25
-280.0,140.0,48.8117076,7.8478806,143.12,143.12,0.0
-270.0,140.0,48.8117076,7.848017,143.1,143.28,0.17
-260.0,140.0,48.8117076,7.8481534,143.05,152.79,9.74
-250.0,140.0,48.8117076,7.8482898,143.0,151.92,8.92
-240.0,140.0,48.8117076,7.8484262,142.77,153.51,10.74
-230.0,140.0,48.8117076,7.8485626,142.83,152.75,9.92
-220.0,140.0,48.8117076,7.848699,142.73,151.39,8.66
-210.0,140.0,48.8117076,7.8488355,142.8,155.71,12.91
-200.0,140.0,48.8117076,7.8489719,142.83,142.83,0.0
-190.0,140.0,48.8117076,7.8491083,143.03,158.64,15.62
-180.0,140.0,48.8117076,7.8492447,142.86,153.95,11.09
-170.0,140.0,48.8117076,7.8493811,142.87,154.75,11.88
-160.0,140.0,48.8117076,7.8495175,143.11,154.77,11.66
-150.0,140.0,48.8117076,7.8496539,142.85,156.56,13.71
-140.0,140.0,48.8117076,7.8497903,142.78,154.69,11.91
-130.0,140.0,48.8117076,7.8499267,142.71,156.08,13.37
-120.0,140.0,48.8117076,7.8500631,142.79,148.56,5.77
-110.0,140.0,48.8117076,7.8501995,142.48,150.68,8.2
-100.0,140.0,48.8117076,7.8503359,142.68,147.22,4.55
-90.0,140.0,48.8117076,7.8504723,142.84,154.91,12.07
-80.0,140.0,48.8117076,7.8506087,142.45,147.33,4.89
-70.0,140.0,48.8117076,7.8507452,142.42,149.57,7.15
-60.0,140.0,48.8117076,7.8508816,142.42,142.42,0.0
-50.0,140.0,48.8117076,7.851018,142.36,142.36,0.0
-40.0,140.0,48.8117076,7.8511544,142.33,142.33,0.0
-30.0,140.0,48.8117076,7.8512908,142.3,142.3,0.0
-20.0,140.0,48.8117076,7.8514272,142.35,142.35,0.0
-10.0,140.0,48.8117076,7.8515636,142.39,142.39,0.0
0.0,140.0,48.8117076,7.8517,142.46,142.46,0.0
10.0,140.0,48.8117076,7.8518364,142.74,142.74,0.0
20.0,140.0,48.8117076,7.8519728,142.57,143.13,0.56
30.0,140.0,48.8117076,7.8521092,142.41,142.41,0.0
40.0,140.0,48.8117076,7.8522456,142.56,142.56,0.0
50.0,140.0,48.8117076,7.852382,142.53,142.53,0.0
60.0,140.0,48.8117076,7.8525184,142.4,142.4,0.0
70.0,140.0,48.8117076,7.8526548,142.57,142.57,0.0
80.0,140.0,48.8117076,7.8527913,142.4,143.46,1.06
90.0,140.0,48.8117076,7.8529277,142.34,142.34,0.0
100.0,140.0,48.8117076,7.8530641,142.33,156.98,14.64
110.0,140.0,48.8117076,7.8532005,142.48,142.48,0.0
120.0,140.0,48.8117076,7.8533369,142.56,153.1,10.54
130.0,140.0,48.8117076,7.8534733,142.58,142.58,0.0
140.0,140.0,48.8117076,7.8536097,142.3,142.3,0.0
150.0,140.0,48.8117076,7.8537461,142.37,142.37,0.0
160.0,140.0,48.8117076,7.8538825,142.4,142.4,0.0
170.0,140.0,48.8117076,7.8540189,142.29,142.29,0.0
180.0,140.0,48.8117076,7.8541553,142.43,142.43,0.0
190.0,140.0,48.8117076,7.8542917,142.33,142.33,0.0
200.0,140.0,48.8117076,7.8544281,142.3,142.3,0.0
210.0,140.0,48.8117076,7.8545645,142.36,142.36,0.0
220.0,140.0,48.8117076,7.854701,142.32,142.32,0.0
230.0,140.0,48.8117076,7.8548374,142.37,142.37,0.0
240.0,140.0,48.8117076,7.8549738,142.09,142.09,0.0
250.0,140.0,48.8117076,7.8551102,142.26,142.26,0.0
260.0,140.0,48.8117076,7.8552466,142.22,142.22,0.0
270.0,140.0,48.8117076,7.855383,142.27,142.27,0.0
280.0,140.0,48.8117076,7.8555194,142.21,142.21,0.0
290.0,140.0,48.8117076,7.8556558,142.32,142.32,0.0
300.0,140.0,48.8117076,7.8557922,142.23,142.23,0.0
-300.0,130.0,48.8116178,7.8476078,143.14,143.89,0.75
-290.0,130.0,48.8116178,7.8477442,143.1,143.1,0.0
-280.0,130.0,48.8116178,7.8478806,143.01,143.01,0.0
-270.0,130.0,48.8116178,7.848017,143.2,144.52,1.32
-260.0,130.0,48.8116178,7.8481534,143.02,149.54,6.53
-250.0,130.0,48.8116178,7.8482898,143.05,143.05,0.0
-240.0,130.0,48.8116178,7.8484262,143.06,146.32,3.25
-230.0,130.0,48.8116178,7.8485626,143.1,152.13,9.03
-220.0,130.0,48.8116178,7.848699,142.9,153.34,10.44
-210.0,130.0,48.8116178,7.8488355,142.85,157.01,14.16
-200.0,130.0,48.8116178,7.8489719,142.91,155.74,12.83
-190.0,130.0,48.8116178,7.8491083,142.95,142.95,0.0
-180.0,130.0,48.8116178,7.8492447,142.88,143.85,0.97
-170.0,130.0,48.8116178,7.8493811,143.05,143.05,0.0
-160.0,130.0,48.8116178,7.8495175,142.85,150.9,8.05
-150.0,130.0,48.8116178,7.8496539,142.86,155.37,12.51
-140.0,130.0,48.8116178,7.8497903,142.88,147.1,4.23
-130.0,130.0,48.8116178,7.8499267,142.79,142.79,0.0
-120.0,130.0,48.8116178,7.8500631,142.64,150.64,7.99
-110.0,130.0,48.8116178,7.8501995,142.69,146.85,4.15
-100.0,130.0,48.8116178,7.8503359,142.4,155.54,13.14
-90.0,130.0,48.8116178,7.8504723,142.76,147.19,4.43
-80.0,130.0,48.8116178,7.8506087,142.49,157.27,14.78
-70.0,130.0,48.8116178,7.8507452,142.33,155.1,12.78
-60.0,130.0,48.8116178,7.8508816,142.32,154.97,12.65
-50.0,130.0,48.8116178,7.851018,142.35,142.35,0.0
-40.0,130.0,48.8116178,7.8511544,142.3,142.3,0.0
-30.0,130.0,48.8116178,7.8512908,142.32,142.32,0.0
-20.0,130.0,48.8116178,7.8514272,142.37,142.37,0.0
-10.0,130.0,48.8116178,7.8515636,142.3,142.3,0.0
0.0,130.0,48.8116178,7.8517,142.6,142.6,0.0
10.0,130.0,48.8116178,7.8518364,142.5,151.24,8.74
20.0,130.0,48.8116178,7.8519728,142.73,144.26,1.52
30.0,130.0,48.8116178,7.8521092,142.45,142.45,0.0
40.0,130.0,48.8116178,7.8522456,142.57,142.57,0.0
50.0,130.0,48.8116178,7.852382,142.4,142.4,0.0
60.0,130.0,48.8116178,7.8525184,142.45,142.45,0.0
70.0,130.0,48.8116178,7.8526548,142.36,142.36,-0.0
80.0,130.0,48.8116178,7.8527913,142.44,142.44,0.0
90.0,130.0,48.8116178,7.8529277,142.34,150.95,8.61
100.0,130.0,48.8116178,7.8530641,142.35,155.6,13.25
110.0,130.0,48.8116178,7.8532005,142.5,149.74,7.24
120.0,130.0,48.8116178,7.8533369,142.4,142.4,0.0
130.0,130.0,48.8116178,7.8534733,142.32,142.32,0.0
140.0,130.0,48.8116178,7.8536097,142.34,142.34,0.0
150.0,130.0,48.8116178,7.8537461,142.37,142.37,0.0
160.0,130.0,48.8116178,7.8538825,142.34,142.34,0.0
170.0,130.0,48.8116178,7.8540189,142.4,142.4,0.0
180.0,130.0,48.8116178,7.8541553,142.44,142.44,0.0
190.0,130.0,48.8116178,7.8542917,142.36,142.36,0.0
200.0,130.0,48.8116178,7.8544281,142.29,142.29,0.0
210.0,130.0,48.8116178,7.8545645,142.23,142.23,0.0
220.0,130.0,48.8116178,7.854701,142.3,142.3,0.0
230.0,130.0,48.8116178,7.8548374,142.31,142.31,0.0
240.0,130.0,48.8116178,7.8549738,142.02,142.02,0.0
250.0,130.0,48.8116178,7.8551102,142.27,142.27,0.0
260.0,130.0,48.8116178,7.8552466,142.07,142.07,0.0
270.0,130.0,48.8116178,7.855383,142.18,142.18,0.0
280.0,130.0,48.8116178,7.8555194,142.11,142.11,0.0
290.0,130.0,48.8116178,7.8556558,142.25,142.27,0.02
300.0,130.0,48.8116178,7.8557922,142.16,143.75,1.59
-300.0,120.0,48.811528,7.8476078,143.42,143.42,0.0
-290.0,120.0,48.811528,7.8477442,143.27,143.27,0.0
-280.0,120.0,48.811528,7.8478806,143.11,143.11,0.0
-270.0,120.0,48.811528,7.848017,143.17,143.17,0.0
-260.0,120.0,48.811528,7.8481534,143.22,149.7,6.48
-250.0,120.0,48.811528,7.8482898,143.28,143.43,0.15
-240.0,120.0,48.811528,7.8484262,143.22,154.66,11.44
-230.0,120.0,48.811528,7.8485626,143.21,143.36,0.15
-220.0,120.0,48.811528,7.848699,143.12,155.37,12.25
-210.0,120.0,48.811528,7.8488355,143.01,155.68,12.67
-200.0,120.0,48.811528,7.8489719,143.07,143.07,-0.0
-190.0,120.0,48.811528,7.8491083,142.95,142.95,0.0
-180.0,120.0,48.811528,7.8492447,143.0,143.0,0.0
-170.0,120.0,48.811528,7.8493811,142.99,142.99,0.0
-160.0,120.0,48.811528,7.8495175,143.06,143.09,0.03
-150.0,120.0,48.811528,7.8496539,143.0,143.0,0.0
-140.0,120.0,48.811528,7.8497903,142.94,142.96,0.03
-130.0,120.0,48.811528,7.8499267,142.69,142.69,0.0
-120.0,120.0,48.811528,7.8500631,142.65,158.87,16.22
-110.0,120.0,48.811528,7.8501995,142.68,142.68,0.0
-100.0,120.0,48.811528,7.8503359,142.5,149.16,6.65
-90.0,120.0,48.811528,7.8504723,142.71,153.59,10.88
-80.0,120.0,48.811528,7.8506087,142.42,154.6,12.18
-70.0,120.0,48.811528,7.8507452,142.4,153.29,10.9
-60.0,120.0,48.811528,7.8508816,142.31,158.02,15.71
-50.0,120.0,48.811528,7.851018,142.23,142.23,0.0
-40.0,120.0,48.811528,7.8511544,142.33,142.33,0.0
-30.0,120.0,48.811528,7.8512908,142.28,142.28,0.0
-20.0,120.0,48.811528,7.8514272,142.38,142.38,0.0
-10.0,120.0,48.811528,7.8515636,142.28,142.28,0.0
0.0,120.0,48.811528,7.8517,142.55,142.79,0.24
10.0,120.0,48.811528,7.8518364,142.42,147.4,4.98
20.0,120.0,48.811528,7.8519728,142.63,142.63,0.0
30.0,120.0,48.811528,7.8521092,142.55,142.55,0.0
40.0,120.0,48.811528,7.8522456,142.47,142.47,0.0
50.0,120.0,48.811528,7.852382,142.37,142.37,0.0
60.0,120.0,48.811528,7.8525184,142.44,142.44,0.0
70.0,120.0,48.811528,7.8526548,142.53,142.53,0.0
80.0,120.0,48.811528,7.8527913,142.51,142.51,0.0
90.0,120.0,48.811528,7.8529277,142.29,142.29,0.0
100.0,120.0,48.811528,7.8530641,142.49,154.33,11.83
110.0,120.0,48.811528,7.8532005,142.39,142.39,0.0
120.0,120.0,48.811528,7.8533369,142.4,142.4,0.0
130.0,120.0,48.811528,7.8534733,142.47,142.47,0.0
140.0,120.0,48.811528,7.8536097,142.29,142.29,0.0
150.0,120.0,48.811528,7.8537461,142.47,142.47,0.0
160.0,120.0,48.811528,7.8538825,142.34,142.34,0.0
170.0,120.0,48.811528,7.8540189,142.3,142.3,0.0
180.0,120.0,48.811528,7.8541553,142.35,142.35,0.0
190.0,120.0,48.811528,7.8542917,142.27,142.27,0.0
200.0,120.0,48.811528,7.8544281,142.27,142.27,0.0
210.0,120.0,48.811528,7.8545645,142.23,142.23,0.0
220.0,120.0,48.811528,7.854701,142.33,142.33,0.0
230.0,120.0,48.811528,7.8548374,142.27,142.27,0.0
240.0,120.0,48.811528,7.8549738,142.16,142.16,0.0
250.0,120.0,48.811528,7.8551102,142.2,142.2,0.0
260.0,120.0,48.811528,7.8552466,142.18,142.18,0.0
270.0,120.0,48.811528,7.855383,142.29,142.29,0.0
280.0,120.0,48.811528,7.8555194,141.81,141.81,0.0
290.0,120.0,48.811528,7.8556558,141.76,149.4,7.64
300.0,120.0,48.811528,7.8557922,142.09,142.09,0.0
-300.0,110.0,48.8114381,7.8476078,143.35,144.12,0.77
-290.0,110.0,48.8114381,7.8477442,143.23,145.12,1.89
-280.0,110.0,48.8114381,7.8478806,143.25,144.51,1.26
-270.0,110.0,48.8114381,7.848017,143.41,143.41,0.0
-260.0,110.0,48.8114381,7.8481534,143.28,152.15,8.88
-250.0,110.0,48.8114381,7.8482898,143.3,150.49,7.19
-240.0,110.0,48.8114381,7.8484262,143.23,143.23,0.0
-230.0,110.0,48.8114381,7.8485626,143.39,143.39,0.0
-220.0,110.0,48.8114381,7.848699,143.13,143.13,0.0
-210.0,110.0,48.8114381,7.8488355,143.11,157.0,13.9
-200.0,110.0,48.8114381,7.8489719,143.19,154.79,11.6
-190.0,110.0,48.8114381,7.8491083,143.18,143.18,0.0
-180.0,110.0,48.8114381,7.8492447,142.9,154.27,11.37
-170.0,110.0,48.8114381,7.8493811,143.04,143.04,0.0
-160.0,110.0,48.8114381,7.8495175,143.09,143.08,-0.01
-150.0,110.0,48.8114381,7.8496539,143.07,143.07,0.0
-140.0,110.0,48.8114381,7.8497903,142.95,148.16,5.21
-130.0,110.0,48.8114381,7.8499267,142.82,142.82,0.0
-120.0,110.0,48.8114381,7.8500631,142.63,151.46,8.83
-110.0,110.0,48.8114381,7.8501995,142.52,157.42,14.9
-100.0,110.0,48.8114381,7.8503359,142.5,142.5,0.0
-90.0,110.0,48.8114381,7.8504723,142.8,142.8,0.0
-80.0,110.0,48.8114381,7.8506087,142.44,159.25,16.81
-70.0,110.0,48.8114381,7.8507452,142.35,156.86,14.5
-60.0,110.0,48.8114381,7.8508816,142.37,156.87,14.5
-50.0,110.0,48.8114381,7.851018,142.3,142.3,0.0
-40.0,110.0,48.8114381,7.8511544,142.32,142.32,0.0
-30.0,110.0,48.8114381,7.8512908,142.36,142.36,0.0
-20.0,110.0,48.8114381,7.8514272,142.35,142.35,0.0
-10.0,110.0,48.8114381,7.8515636,142.31,142.31,0.0
0.0,110.0,48.8114381,7.8517,142.28,142.28,0.0
10.0,110.0,48.8114381,7.8518364,142.36,145.48,3.11
20.0,110.0,48.8114381,7.8519728,142.58,142.58,0.0
30.0,110.0,48.8114381,7.8521092,142.46,142.46,0.0
40.0,110.0,48.8114381,7.8522456,142.35,143.22,0.86
50.0,110.0,48.8114381,7.852382,142.43,147.98,5.55
60.0,110.0,48.8114381,7.8525184,142.54,142.54,0.0
70.0,110.0,48.8114381,7.8526548,142.41,144.47,2.06
80.0,110.0,48.8114381,7.8527913,142.53,142.53,0.0
90.0,110.0,48.8114381,7.8529277,142.54,142.54,0.0
100.0,110.0,48.8114381,7.8530641,142.58,150.65,8.07
110.0,110.0,48.8114381,7.8532005,142.34,148.42,6.08
120.0,110.0,48.8114381,7.8533369,142.28,142.28,0.0
130.0,110.0,48.8114381,7.8534733,142.24,142.24,0.0
140.0,110.0,48.8114381,7.8536097,142.32,142.32,0.0
150.0,110.0,48.8114381,7.8537461,142.36,142.36,0.0
160.0,110.0,48.8114381,7.8538825,142.27,142.27,0.0
170.0,110.0,48.8114381,7.8540189,142.24,142.24,0.0
180.0,110.0,48.8114381,7.8541553,142.31,142.31,0.0
190.0,110.0,48.8114381,7.8542917,142.22,142.22,0.0
200.0,110.0,48.8114381,7.8544281,142.25,142.25,0.0
210.0,110.0,48.8114381,7.8545645,142.14,142.14,0.0
220.0,110.0,48.8114381,7.854701,142.13,142.13,0.0
230.0,110.0,48.8114381,7.8548374,142.23,142.23,0.0
240.0,110.0,48.8114381,7.8549738,142.26,142.26,0.0
250.0,110.0,48.8114381,7.8551102,141.8,141.8,0.0
260.0,110.0,48.8114381,7.8552466,141.95,141.95,0.0
270.0,110.0,48.8114381,7.855383,142.14,142.84,0.7
280.0,110.0,48.8114381,7.8555194,142.13,142.13,0.0
290.0,110.0,48.8114381,7.8556558,142.05,142.05,0.0
300.0,110.0,48.8114381,7.8557922,142.06,142.06,0.0
-300.0,100.0,48.8113483,7.8476078,143.64,143.64,0.0
-290.0,100.0,48.8113483,7.8477442,143.38,147.21,3.83
-280.0,100.0,48.8113483,7.8478806,143.38,150.35,6.98
-270.0,100.0,48.8113483,7.848017,143.35,153.53,10.18
-260.0,100.0,48.8113483,7.8481534,143.28,143.8,0.52
-250.0,100.0,48.8113483,7.8482898,143.28,151.92,8.64
-240.0,100.0,48.8113483,7.8484262,143.31,153.44,10.12
-230.0,100.0,48.8113483,7.8485626,143.15,146.53,3.38
-220.0,100.0,48.8113483,7.848699,143.19,151.28,8.09
-210.0,100.0,48.8113483,7.8488355,143.22,153.65,10.43
-200.0,100.0,48.8113483,7.8489719,143.19,155.98,12.79
-190.0,100.0,48.8113483,7.8491083,142.88,153.77,10.9
-180.0,100.0,48.8113483,7.8492447,142.91,151.57,8.66
-170.0,100.0,48.8113483,7.8493811,143.0,153.29,10.29
-160.0,100.0,48.8113483,7.8495175,142.99,153.29,10.31
-150.0,100.0,48.8113483,7.8496539,143.02,151.09,8.07
-140.0,100.0,48.8113483,7.8497903,143.0,143.0,0.0
-130.0,100.0,48.8113483,7.8499267,142.76,142.76,0.0
-120.0,100.0,48.8113483,7.8500631,142.82,150.21,7.39
-110.0,100.0,48.8113483,7.8501995,142.57,156.97,14.4
-100.0,100.0,48.8113483,7.8503359,142.67,143.38,0.71
-90.0,100.0,48.8113483,7.8504723,142.88,147.77,4.89
-80.0,100.0,48.8113483,7.8506087,142.45,148.71,6.26
-70.0,100.0,48.8113483,7.8507452,142.5,157.31,14.82
-60.0,100.0,48.8113483,7.8508816,142.45,155.98,13.54
-50.0,100.0,48.8113483,7.851018,142.39,154.18,11.79
-40.0,100.0,48.8113483,7.8511544,142.36,142.36,0.0
-30.0,100.0,48.8113483,7.8512908,142.32,142.32,0.0
-20.0,100.0,48.8113483,7.8514272,142.27,142.27,0.0
-10.0,100.0,48.8113483,7.8515636,142.32,142.32,0.0
0.0,100.0,48.8113483,7.8517,142.25,142.25,0.0
10.0,100.0,48.8113483,7.8518364,142.39,145.7,3.31
20.0,100.0,48.8113483,7.8519728,142.46,149.14,6.68
30.0,100.0,48.8113483,7.8521092,142.45,142.45,0.0
40.0,100.0,48.8113483,7.8522456,142.37,142.37,0.0
50.0,100.0,48.8113483,7.852382,142.32,153.1,10.78
60.0,100.0,48.8113483,7.8525184,142.47,151.01,8.54
70.0,100.0,48.8113483,7.8526548,142.41,150.78,8.37
80.0,100.0,48.8113483,7.8527913,142.28,146.8,4.52
90.0,100.0,48.8113483,7.8529277,142.5,146.24,3.74
100.0,100.0,48.8113483,7.8530641,142.34,155.39,13.06
110.0,100.0,48.8113483,7.8532005,142.25,142.25,0.0
120.0,100.0,48.8113483,7.8533369,142.22,142.22,0.0
130.0,100.0,48.8113483,7.8534733,142.29,142.29,0.0
140.0,100.0,48.8113483,7.8536097,142.23,142.23,0.0
150.0,100.0,48.8113483,7.8537461,142.38,142.38,0.0
160.0,100.0,48.8113483,7.8538825,142.31,142.31,0.0
170.0,100.0,48.8113483,7.8540189,142.31,142.31,0.0
180.0,100.0,48.8113483,7.8541553,142.12,142.12,0.0
190.0,100.0,48.8113483,7.8542917,142.32,142.32,0.0
200.0,100.0,48.8113483,7.8544281,142.23,142.23,0.0
210.0,100.0,48.8113483,7.8545645,142.2,142.2,0.0
220.0,100.0,48.8113483,7.854701,141.88,141.88,0.0
230.0,100.0,48.8113483,7.8548374,142.08,142.08,0.0
240.0,100.0,48.8113483,7.8549738,142.29,142.29,0.0
250.0,100.0,48.8113483,7.8551102,142.2,142.2,0.0
260.0,100.0,48.8113483,7.8552466,142.2,142.2,0.0
270.0,100.0,48.8113483,7.855383,142.22,142.22,0.0
280.0,100.0,48.8113483,7.8555194,142.09,142.09,0.0
290.0,100.0,48.8113483,7.8556558,142.06,142.06,0.0
300.0,100.0,48.8113483,7.8557922,142.11,142.11,0.0
-300.0,90.0,48.8112585,7.8476078,143.38,143.38,0.0
-290.0,90.0,48.8112585,7.8477442,143.39,152.72,9.33
-280.0,90.0,48.8112585,7.8478806,143.35,153.29,9.94
-270.0,90.0,48.8112585,7.848017,143.31,143.31,0.0
-260.0,90.0,48.8112585,7.8481534,143.51,152.66,9.15
-250.0,90.0,48.8112585,7.8482898,143.32,143.81,0.49
-240.0,90.0,48.8112585,7.8484262,143.24,143.24,0.0
-230.0,90.0,48.8112585,7.8485626,143.22,151.57,8.35
-220.0,90.0,48.8112585,7.848699,143.13,151.55,8.42
-210.0,90.0,48.8112585,7.8488355,143.21,151.49,8.28
-200.0,90.0,48.8112585,7.8489719,143.18,155.7,12.53
-190.0,90.0,48.8112585,7.8491083,144.07,144.07,0.0
-180.0,90.0,48.8112585,7.8492447,142.96,144.12,1.17
-170.0,90.0,48.8112585,7.8493811,143.12,156.39,13.27
-160.0,90.0,48.8112585,7.8495175,143.04,143.04,0.0
-150.0,90.0,48.8112585,7.8496539,143.17,152.34,9.18
-140.0,90.0,48.8112585,7.8497903,143.08,143.08,0.0
-130.0,90.0,48.8112585,7.8499267,142.88,154.54,11.66
-120.0,90.0,48.8112585,7.8500631,142.84,149.17,6.33
-110.0,90.0,48.8112585,7.8501995,142.75,158.5,15.74
-100.0,90.0,48.8112585,7.8503359,142.66,156.73,14.07
-90.0,90.0,48.8112585,7.8504723,142.83,143.13,0.3
-80.0,90.0,48.8112585,7.8506087,142.54,156.91,14.37
-70.0,90.0,48.8112585,7.8507452,142.47,154.16,11.7
-60.0,90.0,48.8112585,7.8508816,142.45,142.45,0.0
-50.0,90.0,48.8112585,7.851018,142.44,142.44,0.0
-40.0,90.0,48.8112585,7.8511544,142.34,142.34,0.0
-30.0,90.0,48.8112585,7.8512908,142.26,142.26,0.0
-20.0,90.0,48.8112585,7.8514272,142.24,142.24,0.0
-10.0,90.0,48.8112585,7.8515636,142.23,142.23,0.0
0.0,90.0,48.8112585,7.8517,142.23,142.23,0.0
10.0,90.0,48.8112585,7.8518364,142.35,148.73,6.38
20.0,90.0,48.8112585,7.8519728,142.45,145.33,2.88
30.0,90.0,48.8112585,7.8521092,142.39,154.18,11.78
40.0,90.0,48.8112585,7.8522456,142.43,142.99,0.56
50.0,90.0,48.8112585,7.852382,142.36,144.21,1.85
60.0,90.0,48.8112585,7.8525184,142.31,144.62,2.31
70.0,90.0,48.8112585,7.8526548,142.33,151.89,9.56
80.0,90.0,48.8112585,7.8527913,142.32,155.24,12.92
90.0,90.0,48.8112585,7.8529277,142.59,158.15,15.56
100.0,90.0,48.8112585,7.8530641,142.44,142.44,0.0
110.0,90.0,48.8112585,7.8532005,142.33,142.33,0.0
120.0,90.0,48.8112585,7.8533369,142.31,142.31,0.0
130.0,90.0,48.8112585,7.8534733,142.22,142.22,0.0
140.0,90.0,48.8112585,7.8536097,142.3,142.3,0.0
150.0,90.0,48.8112585,7.8537461,142.26,142.26,0.0
160.0,90.0,48.8112585,7.8538825,142.22,142.22,0.0
170.0,90.0,48.8112585,7.8540189,142.22,142.22,0.0
180.0,90.0,48.8112585,7.8541553,142.03,142.03,0.0
190.0,90.0,48.8112585,7.8542917,141.98,141.98,0.0
200.0,90.0,48.8112585,7.8544281,142.22,142.22,0.0
210.0,90.0,48.8112585,7.8545645,142.4,142.4,0.0
220.0,90.0,48.8112585,7.854701,142.2,142.2,0.0
230.0,90.0,48.8112585,7.8548374,142.14,154.34,12.2
240.0,90.0,48.8112585,7.8549738,142.1,153.51,11.41
250.0,90.0,48.8112585,7.8551102,142.26,142.26,0.0
260.0,90.0,48.8112585,7.8552466,142.21,142.21,0.0
270.0,90.0,48.8112585,7.855383,142.09,142.09,0.0
280.0,90.0,48.8112585,7.8555194,142.15,142.15,0.0
290.0,90.0,48.8112585,7.8556558,142.08,142.08,0.0
300.0,90.0,48.8112585,7.8557922,142.1,142.1,0.0
-300.0,80.0,48.8111686,7.8476078,143.45,143.45,0.0
-290.0,80.0,48.8111686,7.8477442,143.32,143.32,0.0
-280.0,80.0,48.8111686,7.8478806,143.33,155.31,11.98
-270.0,80.0,48.8111686,7.848017,143.29,143.29,0.0
-260.0,80.0,48.8111686,7.8481534,143.41,146.5,3.09
-250.0,80.0,48.8111686,7.8482898,143.21,154.34,11.13
-240.0,80.0,48.8111686,7.8484262,143.23,155.52,12.3
-230.0,80.0,48.8111686,7.8485626,143.26,143.26,0.0
-220.0,80.0,48.8111686,7.848699,143.3,150.24,6.94
-210.0,80.0,48.8111686,7.8488355,143.2,151.19,7.99
-200.0,80.0,48.8111686,7.8489719,143.1,157.09,14.0
-190.0,80.0,48.8111686,7.8491083,143.46,157.44,13.98
-180.0,80.0,48.8111686,7.8492447,143.12,157.28,14.16
-170.0,80.0,48.8111686,7.8493811,143.22,157.95,14.73
-160.0,80.0,48.8111686,7.8495175,143.12,155.32,12.2
-150.0,80.0,48.8111686,7.8496539,143.04,155.08,12.04
-140.0,80.0,48.8111686,7.8497903,143.03,155.62,12.59
-130.0,80.0,48.8111686,7.8499267,142.89,157.11,14.22
-120.0,80.0,48.8111686,7.8500631,142.9,154.08,11.18
-110.0,80.0,48.8111686,7.8501995,142.8,156.08,13.28
-100.0,80.0,48.8111686,7.8503359,142.76,142.76,0.0
-90.0,80.0,48.8111686,7.8504723,142.75,158.85,16.1
-80.0,80.0,48.8111686,7.8506087,142.59,158.2,15.61
-70.0,80.0,48.8111686,7.8507452,142.6,157.81,15.21
-60.0,80.0,48.8111686,7.8508816,142.45,157.27,14.83
-50.0,80.0,48.8111686,7.851018,142.44,156.59,14.14
-40.0,80.0,48.8111686,7.8511544,142.35,142.35,0.0
-30.0,80.0,48.8111686,7.8512908,142.29,142.29,0.0
-20.0,80.0,48.8111686,7.8514272,142.23,142.23,0.0
-10.0,80.0,48.8111686,7.8515636,142.19,142.19,0.0
0.0,80.0,48.8111686,7.8517,142.23,142.23,0.0
10.0,80.0,48.8111686,7.8518364,142.4,150.48,8.09
20.0,80.0,48.8111686,7.8519728,142.29,156.01,13.72
30.0,80.0,48.8111686,7.8521092,142.31,146.55,4.24
40.0,80.0,48.8111686,7.8522456,142.29,154.5,12.21
50.0,80.0,48.8111686,7.852382,142.34,150.29,7.95
60.0,80.0,48.8111686,7.8525184,142.36,157.42,15.06
70.0,80.0,48.8111686,7.8526548,142.35,153.37,11.02
80.0,80.0,48.8111686,7.8527913,142.29,154.66,12.37
90.0,80.0,48.8111686,7.8529277,142.37,154.55,12.17
100.0,80.0,48.8111686,7.8530641,142.17,142.17,0.0
110.0,80.0,48.8111686,7.8532005,142.08,145.1,3.02
120.0,80.0,48.8111686,7.8533369,142.14,142.14,0.0
130.0,80.0,48.8111686,7.8534733,142.23,142.23,0.0
140.0,80.0,48.8111686,7.8536097,142.05,142.05,0.0
150.0,80.0,48.8111686,7.8537461,141.78,141.78,0.0
160.0,80.0,48.8111686,7.8538825,141.86,141.86,0.0
170.0,80.0,48.8111686,7.8540189,142.31,142.31,0.0
180.0,80.0,48.8111686,7.8541553,142.26,142.26,0.0
190.0,80.0,48.8111686,7.8542917,142.29,142.29,0.0
200.0,80.0,48.8111686,7.8544281,142.41,142.41,0.0
210.0,80.0,48.8111686,7.8545645,142.31,142.31,0.0
220.0,80.0,48.8111686,7.854701,142.28,142.28,0.0
230.0,80.0,48.8111686,7.8548374,142.25,153.71,11.46
240.0,80.0,48.8111686,7.8549738,142.35,157.25,14.9
250.0,80.0,48.8111686,7.8551102,142.16,154.0,11.84
260.0,80.0,48.8111686,7.8552466,142.17,142.17,0.0
270.0,80.0,48.8111686,7.855383,142.12,142.12,0.0
280.0,80.0,48.8111686,7.8555194,142.04,142.04,0.0
290.0,80.0,48.8111686,7.8556558,142.16,142.16,0.0
300.0,80.0,48.8111686,7.8557922,142.1,142.1,0.0
-300.0,70.0,48.8110788,7.8476078,143.31,151.9,8.59
-290.0,70.0,48.8110788,7.8477442,143.45,154.34,10.89
-280.0,70.0,48.8110788,7.8478806,143.44,149.18,5.74
-270.0,70.0,48.8110788,7.848017,143.32,143.32,0.0
-260.0,70.0,48.8110788,7.8481534,143.27,143.27,0.0
-250.0,70.0,48.8110788,7.8482898,143.23,145.95,2.72
-240.0,70.0,48.8110788,7.8484262,143.24,150.3,7.06
-230.0,70.0,48.8110788,7.8485626,143.29,143.29,0.0
-220.0,70.0,48.8110788,7.848699,143.16,154.37,11.22
-210.0,70.0,48.8110788,7.8488355,143.27,155.02,11.75
-200.0,70.0,48.8110788,7.8489719,143.21,155.54,12.32
-190.0,70.0,48.8110788,7.8491083,143.2,154.99,11.8
-180.0,70.0,48.8110788,7.8492447,143.36,158.29,14.93
-170.0,70.0,48.8110788,7.8493811,143.25,145.49,2.24
-160.0,70.0,48.8110788,7.8495175,143.16,155.21,12.05
-150.0,70.0,48.8110788,7.8496539,143.11,152.31,9.21
-140.0,70.0,48.8110788,7.8497903,143.07,145.09,2.01
-130.0,70.0,48.8110788,7.8499267,143.22,153.28,10.06
-120.0,70.0,48.8110788,7.8500631,143.0,149.72,6.72
-110.0,70.0,48.8110788,7.8501995,142.97,155.95,12.98
-100.0,70.0,48.8110788,7.8503359,142.85,155.77,12.92
-90.0,70.0,48.8110788,7.8504723,142.77,154.85,12.07
-80.0,70.0,48.8110788,7.8506087,142.62,154.14,11.51
-70.0,70.0,48.8110788,7.8507452,142.54,158.3,15.76
-60.0,70.0,48.8110788,7.8508816,142.52,153.61,11.08
-50.0,70.0,48.8110788,7.851018,142.54,156.2,13.66
-40.0,70.0,48.8110788,7.8511544,142.43,147.76,5.33
-30.0,70.0,48.8110788,7.8512908,142.31,142.31,0.0
-20.0,70.0,48.8110788,7.8514272,142.27,142.27,0.0
-10.0,70.0,48.8110788,7.8515636,142.19,142.19,0.0
0.0,70.0,48.8110788,7.8517,142.28,142.28,0.0
10.0,70.0,48.8110788,7.8518364,142.18,146.03,3.85
20.0,70.0,48.8110788,7.8519728,142.26,153.08,10.82
30.0,70.0,48.8110788,7.8521092,142.32,145.78,3.45
40.0,70.0,48.8110788,7.8522456,142.3,153.33,11.03
50.0,70.0,48.8110788,7.852382,142.44,155.7,13.26
60.0,70.0,48.8110788,7.8525184,142.46,152.7,10.24
70.0,70.0,48.8110788,7.8526548,142.24,154.73,12.49
80.0,70.0,48.8110788,7.8527913,142.2,156.07,13.87
90.0,70.0,48.8110788,7.8529277,142.23,142.23,0.0
100.0,70.0,48.8110788,7.8530641,142.11,142.11,0.0
110.0,70.0,48.8110788,7.8532005,142.01,142.01,0.0
120.0,70.0,48.8110788,7.8533369,141.77,141.77,0.0
130.0,70.0,48.8110788,7.8534733,142.06,142.06,0.0
140.0,70.0,48.8110788,7.8536097,142.15,146.13,3.98
150.0,70.0,48.8110788,7.8537461,142.32,142.32,0.0
160.0,70.0,48.8110788,7.8538825,142.38,142.38,0.0
170.0,70.0,48.8110788,7.8540189,142.16,142.16,0.0
180.0,70.0,48.8110788,7.8541553,142.23,142.23,0.0
190.0,70.0,48.8110788,7.8542917,142.33,142.33,0.0
200.0,70.0,48.8110788,7.8544281,142.17,142.17,0.0
210.0,70.0,48.8110788,7.8545645,142.21,142.21,0.0
220.0,70.0,48.8110788,7.854701,142.35,142.35,0.0
230.0,70.0,48.8110788,7.8548374,142.11,142.11,0.0
240.0,70.0,48.8110788,7.8549738,142.2,154.73,12.54
250.0,70.0,48.8110788,7.8551102,142.17,155.56,13.39
260.0,70.0,48.8110788,7.8552466,142.13,157.08,14.95
270.0,70.0,48.8110788,7.855383,142.19,142.19,0.0
280.0,70.0,48.8110788,7.8555194,142.21,142.21,0.0
290.0,70.0,48.8110788,7.8556558,142.17,142.17,0.0
300.0,70.0,48.8110788,7.8557922,142.01,142.01,0.0
-300.0,60.0,48.810989,7.8476078,143.34,155.54,12.2
-290.0,60.0,48.810989,7.8477442,143.35,143.35,0.0
-280.0,60.0,48.810989,7.8478806,143.31,150.79,7.48
-270.0,60.0,48.810989,7.848017,143.29,143.29,0.0
-260.0,60.0,48.810989,7.8481534,143.35,143.35,0.0
-250.0,60.0,48.810989,7.8482898,143.43,154.14,10.71
-240.0,60.0,48.810989,7.8484262,143.16,155.43,12.27
-230.0,60.0,48.810989,7.8485626,143.36,143.59,0.23
-220.0,60.0,48.810989,7.848699,143.31,143.52,0.21
-210.0,60.0,48.810989,7.8488355,143.19,149.18,6.0
-200.0,60.0,48.810989,7.8489719,143.24,148.63,5.39
-190.0,60.0,48.810989,7.8491083,143.16,156.56,13.41
-180.0,60.0,48.810989,7.8492447,143.21,156.16,12.95
-170.0,60.0,48.810989,7.8493811,143.29,157.3,14.01
-160.0,60.0,48.810989,7.8495175,143.28,153.58,10.3
-150.0,60.0,48.810989,7.8496539,143.1,143.1,0.0
-140.0,60.0,48.810989,7.8497903,143.07,143.07,0.0
-130.0,60.0,48.810989,7.8499267,142.98,142.98,0.0
-120.0,60.0,48.810989,7.8500631,143.04,154.62,11.58
-110.0,60.0,48.810989,7.8501995,143.05,152.46,9.41
-100.0,60.0,48.810989,7.8503359,143.01,155.92,12.91
-90.0,60.0,48.810989,7.8504723,142.85,157.01,14.16
-80.0,60.0,48.810989,7.8506087,142.75,146.9,4.15
-70.0,60.0,48.810989,7.8507452,142.65,154.72,12.06
-60.0,60.0,48.810989,7.8508816,142.65,155.4,12.75
-50.0,60.0,48.810989,7.851018,142.64,143.48,0.85
-40.0,60.0,48.810989,7.8511544,142.55,155.01,12.46
-30.0,60.0,48.810989,7.8512908,142.39,142.39,0.0
-20.0,60.0,48.810989,7.8514272,142.3,142.3,0.0
-10.0,60.0,48.810989,7.8515636,142.24,142.24,0.0
0.0,60.0,48.810989,7.8517,142.29,142.29,0.0
10.0,60.0,48.810989,7.8518364,142.2,142.2,0.0
20.0,60.0,48.810989,7.8519728,142.35,149.77,7.42
30.0,60.0,48.810989,7.8521092,142.37,155.72,13.34
40.0,60.0,48.810989,7.8522456,142.47,157.41,14.94
50.0,60.0,48.810989,7.852382,142.51,158.22,15.72
60.0,60.0,48.810989,7.8525184,142.24,158.22,15.98
70.0,60.0,48.810989,7.8526548,142.2,153.57,11.37
80.0,60.0,48.810989,7.8527913,141.93,141.93,0.0
90.0,60.0,48.810989,7.8529277,141.88,141.88,0.0
100.0,60.0,48.810989,7.8530641,142.03,146.68,4.65
110.0,60.0,48.810989,7.8532005,142.13,145.29,3.16
120.0,60.0,48.810989,7.8533369,142.15,142.15,0.0
130.0,60.0,48.810989,7.8534733,142.32,142.32,0.0
140.0,60.0,48.810989,7.8536097,141.94,141.94,0.0
150.0,60.0,48.810989,7.8537461,142.16,142.16,0.0
160.0,60.0,48.810989,7.8538825,142.11,142.11,0.0
170.0,60.0,48.810989,7.8540189,142.32,142.32,0.0
180.0,60.0,48.810989,7.8541553,142.23,142.23,0.0
190.0,60.0,48.810989,7.8542917,142.16,142.16,0.0
200.0,60.0,48.810989,7.8544281,142.2,151.84,9.65
210.0,60.0,48.810989,7.8545645,142.25,148.55,6.3
220.0,60.0,48.810989,7.854701,142.34,142.34,0.0
230.0,60.0,48.810989,7.8548374,142.4,142.39,-0.01
240.0,60.0,48.810989,7.8549738,142.5,142.5,0.0
250.0,60.0,48.810989,7.8551102,142.12,142.12,0.0
260.0,60.0,48.810989,7.8552466,142.18,142.18,0.0
270.0,60.0,48.810989,7.855383,142.11,154.33,12.22
280.0,60.0,48.810989,7.8555194,142.11,144.13,2.01
290.0,60.0,48.810989,7.8556558,142.11,142.11,0.0
300.0,60.0,48.810989,7.8557922,142.13,142.13,0.0
-300.0,50.0,48.8108992,7.8476078,143.42,153.04,9.62
-290.0,50.0,48.8108992,7.8477442,143.28,155.61,12.33
-280.0,50.0,48.8108992,7.8478806,143.32,143.32,0.0
-270.0,50.0,48.8108992,7.848017,143.4,143.4,0.0
-260.0,50.0,48.8108992,7.8481534,143.31,155.04,11.72
-250.0,50.0,48.8108992,7.8482898,143.21,145.47,2.25
-240.0,50.0,48.8108992,7.8484262,143.27,143.27,0.0
-230.0,50.0,48.8108992,7.8485626,143.27,146.6,3.33
-220.0,50.0,48.8108992,7.848699,143.17,154.38,11.21
-210.0,50.0,48.8108992,7.8488355,143.26,144.14,0.88
-200.0,50.0,48.8108992,7.8489719,143.15,145.91,2.76
-190.0,50.0,48.8108992,7.8491083,143.19,157.03,13.84
-180.0,50.0,48.8108992,7.8492447,143.16,143.29,0.13
-170.0,50.0,48.8108992,7.8493811,143.29,143.29,0.0
-160.0,50.0,48.8108992,7.8495175,143.28,156.14,12.86
-150.0,50.0,48.8108992,7.8496539,143.09,153.25,10.16
-140.0,50.0,48.8108992,7.8497903,143.12,157.42,14.3
-130.0,50.0,48.8108992,7.8499267,143.04,143.04,0.0
-120.0,50.0,48.8108992,7.8500631,143.06,155.93,12.87
-110.0,50.0,48.8108992,7.8501995,143.19,156.03,12.85
-100.0,50.0,48.8108992,7.8503359,143.03,157.56,14.52
-90.0,50.0,48.8108992,7.8504723,142.82,153.51,10.69
-80.0,50.0,48.8108992,7.8506087,142.8,156.81,14.01
-70.0,50.0,48.8108992,7.8507452,142.82,151.71,8.89
-60.0,50.0,48.8108992,7.8508816,142.74,144.69,1.96
-50.0,50.0,48.8108992,7.851018,142.54,157.13,14.59
-40.0,50.0,48.8108992,7.8511544,142.8,157.01,14.21
-30.0,50.0,48.8108992,7.8512908,142.46,142.46,0.0
-20.0,50.0,48.8108992,7.8514272,142.24,142.24,0.0
-10.0,50.0,48.8108992,7.8515636,142.2,142.2,0.0
0.0,50.0,48.8108992,7.8517,142.19,142.19,0.0
10.0,50.0,48.8108992,7.8518364,142.21,142.21,0.0
20.0,50.0,48.8108992,7.8519728,142.32,150.85,8.53
30.0,50.0,48.8108992,7.8521092,142.41,149.68,7.28
40.0,50.0,48.8108992,7.8522456,142.11,142.11,0.0
50.0,50.0,48.8108992,7.852382,142.08,149.54,7.46
60.0,50.0,48.8108992,7.8525184,142.14,156.96,14.82
70.0,50.0,48.8108992,7.8526548,142.25,155.06,12.8
80.0,50.0,48.8108992,7.8527913,142.05,154.32,12.27
90.0,50.0,48.8108992,7.8529277,142.17,142.17,0.0
100.0,50.0,48.8108992,7.8530641,142.17,146.51,4.34
110.0,50.0,48.8108992,7.8532005,142.0,142.0,0.0
120.0,50.0,48.8108992,7.8533369,142.04,142.04,0.0
130.0,50.0,48.8108992,7.8534733,142.07,142.07,0.0
140.0,50.0,48.8108992,7.8536097,142.11,142.11,0.0
150.0,50.0,48.8108992,7.8537461,142.09,142.09,0.0
160.0,50.0,48.8108992,7.8538825,142.15,142.15,0.0
170.0,50.0,48.8108992,7.8540189,142.05,142.05,0.0
180.0,50.0,48.8108992,7.8541553,142.15,152.68,10.53
190.0,50.0,48.8108992,7.8542917,142.14,154.03,11.89
200.0,50.0,48.8108992,7.8544281,142.19,148.39,6.21
210.0,50.0,48.8108992,7.8545645,141.99,145.4,3.41
220.0,50.0,48.8108992,7.854701,142.28,142.28,0.0
230.0,50.0,48.8108992,7.8548374,142.21,142.32,0.11
240.0,50.0,48.8108992,7.8549738,142.13,150.98,8.85
250.0,50.0,48.8108992,7.8551102,142.05,142.05,0.0
260.0,50.0,48.8108992,7.8552466,142.1,154.09,11.98
270.0,50.0,48.8108992,7.855383,142.1,145.2,3.1
280.0,50.0,48.8108992,7.8555194,142.15,142.15,0.0
290.0,50.0,48.8108992,7.8556558,142.14,142.14,0.0
300.0,50.0,48.8108992,7.8557922,142.06,142.06,0.0
-300.0,40.0,48.8108093,7.8476078,143.48,152.71,9.23
-290.0,40.0,48.8108093,7.8477442,143.44,155.18,11.74
-280.0,40.0,48.8108093,7.8478806,143.3,153.25,9.95
-270.0,40.0,48.8108093,7.848017,143.47,143.47,0.0
-260.0,40.0,48.8108093,7.8481534,143.23,152.25,9.02
-250.0,40.0,48.8108093,7.8482898,143.2,143.2,0.0
-240.0,40.0,48.8108093,7.8484262,143.28,146.24,2.96
-230.0,40.0,48.8108093,7.8485626,143.2,153.39,10.19
-220.0,40.0,48.8108093,7.848699,143.23,157.94,14.71
-210.0,40.0,48.8108093,7.8488355,143.33,143.33,0.0
-200.0,40.0,48.8108093,7.8489719,143.27,143.27,0.0
-190.0,40.0,48.8108093,7.8491083,143.25,145.85,2.59
-180.0,40.0,48.8108093,7.8492447,143.26,160.01,16.75
-170.0,40.0,48.8108093,7.8493811,143.22,143.22,0.0
-160.0,40.0,48.8108093,7.8495175,143.04,155.45,12.4
-150.0,40.0,48.8108093,7.8496539,143.26,143.41,0.15
-140.0,40.0,48.8108093,7.8497903,143.07,157.87,14.8
-130.0,40.0,48.8108093,7.8499267,143.1,154.57,11.47
-120.0,40.0,48.8108093,7.8500631,143.26,143.26,-0.0
-110.0,40.0,48.8108093,7.8501995,143.18,143.18,0.0
-100.0,40.0,48.8108093,7.8503359,143.06,152.82,9.77
-90.0,40.0,48.8108093,7.8504723,142.85,142.85,0.0
-80.0,40.0,48.8108093,7.8506087,142.91,148.45,5.54
-70.0,40.0,48.8108093,7.8507452,142.78,154.96,12.17
-60.0,40.0,48.8108093,7.8508816,142.72,158.23,15.51
-50.0,40.0,48.8108093,7.851018,142.72,156.1,13.38
-40.0,40.0,48.8108093,7.8511544,142.42,142.42,0.0
-30.0,40.0,48.8108093,7.8512908,142.42,142.42,0.0
-20.0,40.0,48.8108093,7.8514272,142.39,142.39,0.0
-10.0,40.0,48.8108093,7.8515636,142.28,142.28,0.0
0.0,40.0,48.8108093,7.8517,142.26,142.26,0.0
10.0,40.0,48.8108093,7.8518364,142.26,142.26,0.0
20.0,40.0,48.8108093,7.8519728,142.3,142.3,0.0
30.0,40.0,48.8108093,7.8521092,142.52,155.9,13.38
40.0,40.0,48.8108093,7.8522456,142.26,154.9,12.65
50.0,40.0,48.8108093,7.852382,142.21,157.23,15.02
60.0,40.0,48.8108093,7.8525184,142.25,154.83,12.58
70.0,40.0,48.8108093,7.8526548,142.15,151.68,9.53
80.0,40.0,48.8108093,7.8527913,142.33,142.33,0.0
90.0,40.0,48.8108093,7.8529277,142.05,142.05,0.0
100.0,40.0,48.8108093,7.8530641,142.11,142.11,0.0
110.0,40.0,48.8108093,7.8532005,141.95,141.95,0.0
120.0,40.0,48.8108093,7.8533369,141.95,141.95,0.0
130.0,40.0,48.8108093,7.8534733,142.08,142.08,0.0
140.0,40.0,48.8108093,7.8536097,142.03,142.03,0.0
150.0,40.0,48.8108093,7.8537461,142.14,142.14,0.0
160.0,40.0,48.8108093,7.8538825,142.19,142.19,0.0
170.0,40.0,48.8108093,7.8540189,142.13,154.59,12.46
180.0,40.0,48.8108093,7.8541553,142.07,153.51,11.43
190.0,40.0,48.8108093,7.8542917,142.02,142.02,0.0
200.0,40.0,48.8108093,7.8544281,142.23,142.23,0.0
210.0,40.0,48.8108093,7.8545645,141.79,149.55,7.76
220.0,40.0,48.8108093,7.854701,142.51,142.91,0.4
230.0,40.0,48.8108093,7.8548374,141.76,141.8,0.04
240.0,40.0,48.8108093,7.8549738,142.23,142.23,0.0
250.0,40.0,48.8108093,7.8551102,142.3,142.3,0.0
260.0,40.0,48.8108093,7.8552466,142.27,152.47,10.2
270.0,40.0,48.8108093,7.855383,142.23,151.36,9.13
280.0,40.0,48.8108093,7.8555194,142.19,142.19,0.0
290.0,40.0,48.8108093,7.8556558,142.09,142.09,0.0
300.0,40.0,48.8108093,7.8557922,142.08,142.08,0.0
-300.0,30.0,48.8107195,7.8476078,143.39,146.97,3.58
-290.0,30.0,48.8107195,7.8477442,143.3,149.15,5.85
-280.0,30.0,48.8107195,7.8478806,143.34,150.87,7.53
-270.0,30.0,48.8107195,7.848017,143.36,148.96,5.6
-260.0,30.0,48.8107195,7.8481534,143.29,155.93,12.64
-250.0,30.0,48.8107195,7.8482898,143.43,143.43,0.0
-240.0,30.0,48.8107195,7.8484262,143.32,151.51,8.19
-230.0,30.0,48.8107195,7.8485626,143.15,150.73,7.58
-220.0,30.0,48.8107195,7.848699,143.21,156.67,13.46
-210.0,30.0,48.8107195,7.8488355,143.12,143.12,0.0
-200.0,30.0,48.8107195,7.8489719,143.29,143.29,0.0
-190.0,30.0,48.8107195,7.8491083,143.04,148.07,5.03
-180.0,30.0,48.8107195,7.8492447,143.3,156.0,12.7
-170.0,30.0,48.8107195,7.8493811,143.21,158.45,15.24
-160.0,30.0,48.8107195,7.8495175,143.17,159.63,16.46
-150.0,30.0,48.8107195,7.8496539,143.37,143.37,0.0
-140.0,30.0,48.8107195,7.8497903,143.28,152.64,9.36
-130.0,30.0,48.8107195,7.8499267,143.25,143.25,0.0
-120.0,30.0,48.8107195,7.8500631,143.25,143.25,0.0
-110.0,30.0,48.8107195,7.8501995,143.16,149.96,6.8
-100.0,30.0,48.8107195,7.8503359,143.13,150.77,7.64
-90.0,30.0,48.8107195,7.8504723,142.93,155.63,12.7
-80.0,30.0,48.8107195,7.8506087,142.89,158.51,15.62
-70.0,30.0,48.8107195,7.8507452,142.65,142.65,0.0
-60.0,30.0,48.8107195,7.8508816,142.67,147.3,4.64
-50.0,30.0,48.8107195,7.851018,142.64,147.6,4.96
-40.0,30.0,48.8107195,7.8511544,142.95,157.43,14.48
-30.0,30.0,48.8107195,7.8512908,142.62,155.29,12.67
-20.0,30.0,48.8107195,7.8514272,142.48,142.48,0.0
-10.0,30.0,48.8107195,7.8515636,142.4,142.4,0.0
0.0,30.0,48.8107195,7.8517,142.36,142.36,0.0
10.0,30.0,48.8107195,7.8518364,142.36,142.36,0.0
20.0,30.0,48.8107195,7.8519728,142.25,142.25,0.0
30.0,30.0,48.8107195,7.8521092,142.26,154.02,11.76
40.0,30.0,48.8107195,7.8522456,142.2,148.08,5.88
50.0,30.0,48.8107195,7.852382,142.44,148.28,5.84
60.0,30.0,48.8107195,7.8525184,142.26,149.14,6.88
70.0,30.0,48.8107195,7.8526548,142.22,153.1,10.88
80.0,30.0,48.8107195,7.8527913,142.22,142.22,0.0
90.0,30.0,48.8107195,7.8529277,142.11,142.11,0.0
100.0,30.0,48.8107195,7.8530641,142.01,142.01,0.0
110.0,30.0,48.8107195,7.8532005,141.98,141.98,0.0
120.0,30.0,48.8107195,7.8533369,142.04,142.04,0.0
130.0,30.0,48.8107195,7.8534733,141.94,141.94,0.0
140.0,30.0,48.8107195,7.8536097,142.06,142.06,0.0
150.0,30.0,48.8107195,7.8537461,142.0,142.0,0.0
160.0,30.0,48.8107195,7.8538825,142.2,142.2,0.0
170.0,30.0,48.8107195,7.8540189,142.07,142.07,0.0
180.0,30.0,48.8107195,7.8541553,142.36,142.36,0.0
190.0,30.0,48.8107195,7.8542917,142.18,142.18,0.0
200.0,30.0,48.8107195,7.8544281,142.28,142.28,0.0
210.0,30.0,48.8107195,7.8545645,142.18,142.18,0.0
220.0,30.0,48.8107195,7.854701,142.24,142.24,0.0
230.0,30.0,48.8107195,7.8548374,141.95,141.96,0.01
240.0,30.0,48.8107195,7.8549738,142.08,143.33,1.25
250.0,30.0,48.8107195,7.8551102,142.07,142.07,0.0
260.0,30.0,48.8107195,7.8552466,142.17,142.17,0.0
270.0,30.0,48.8107195,7.855383,142.2,143.38,1.17
280.0,30.0,48.8107195,7.8555194,142.19,142.19,0.0
290.0,30.0,48.8107195,7.8556558,142.11,143.29,1.19
300.0,30.0,48.8107195,7.8557922,142.02,142.02,0.0
-300.0,20.0,48.8106297,7.8476078,143.26,151.73,8.47
-290.0,20.0,48.8106297,7.8477442,143.17,151.8,8.63
-280.0,20.0,48.8106297,7.8478806,143.25,143.25,0.0
-270.0,20.0,48.8106297,7.848017,143.26,143.26,0.0
-260.0,20.0,48.8106297,7.8481534,143.15,153.95,10.8
-250.0,20.0,48.8106297,7.8482898,143.09,147.68,4.6
-240.0,20.0,48.8106297,7.8484262,143.17,143.17,0.0
-230.0,20.0,48.8106297,7.8485626,143.05,150.5,7.45
-220.0,20.0,48.8106297,7.848699,143.36,143.36,0.0
-210.0,20.0,48.8106297,7.8488355,143.0,145.8,2.8
-200.0,20.0,48.8106297,7.8489719,143.14,152.81,9.67
-190.0,20.0,48.8106297,7.8491083,143.17,145.44,2.27
-180.0,20.0,48.8106297,7.8492447,143.1,151.94,8.84
-170.0,20.0,48.8106297,7.8493811,143.95,143.95,0.0
-160.0,20.0,48.8106297,7.8495175,143.08,155.34,12.26
-150.0,20.0,48.8106297,7.8496539,143.17,149.35,6.18
-140.0,20.0,48.8106297,7.8497903,143.22,158.1,14.87
-130.0,20.0,48.8106297,7.8499267,143.31,149.93,6.61
-120.0,20.0,48.8106297,7.8500631,143.32,159.21,15.89
-110.0,20.0,48.8106297,7.8501995,143.24,146.8,3.56
-100.0,20.0,48.8106297,7.8503359,143.03,151.97,8.94
-90.0,20.0,48.8106297,7.8504723,142.85,150.32,7.47
-80.0,20.0,48.8106297,7.8506087,142.88,144.33,1.45
-70.0,20.0,48.8106297,7.8507452,142.76,150.58,7.82
-60.0,20.0,48.8106297,7.8508816,142.78,154.36,11.59
-50.0,20.0,48.8106297,7.851018,142.76,157.69,14.93
-40.0,20.0,48.8106297,7.8511544,142.88,154.62,11.74
-30.0,20.0,48.8106297,7.8512908,142.66,153.49,10.83
-20.0,20.0,48.8106297,7.8514272,142.66,142.66,0.0
-10.0,20.0,48.8106297,7.8515636,142.53,142.53,0.0
0.0,20.0,48.8106297,7.8517,142.52,142.52,0.0
10.0,20.0,48.8106297,7.8518364,142.42,142.63,0.21
20.0,20.0,48.8106297,7.8519728,142.34,142.34,0.0
30.0,20.0,48.8106297,7.8521092,142.41,142.41,0.0
40.0,20.0,48.8106297,7.8522456,142.41,156.06,13.65
50.0,20.0,48.8106297,7.852382,142.24,142.93,0.69
60.0,20.0,48.8106297,7.8525184,142.36,142.36,0.0
70.0,20.0,48.8106297,7.8526548,142.29,142.29,0.0
80.0,20.0,48.8106297,7.8527913,142.07,142.07,0.0
90.0,20.0,48.8106297,7.8529277,142.17,142.17,0.0
100.0,20.0,48.8106297,7.8530641,142.06,142.06,0.0
110.0,20.0,48.8106297,7.8532005,142.1,142.1,0.0
120.0,20.0,48.8106297,7.8533369,142.03,142.03,0.0
130.0,20.0,48.8106297,7.8534733,141.99,141.99,0.0
140.0,20.0,48.8106297,7.8536097,142.09,142.09,0.0
150.0,20.0,48.8106297,7.8537461,142.24,142.24,0.0
160.0,20.0,48.8106297,7.8538825,142.11,142.11,0.0
170.0,20.0,48.8106297,7.8540189,142.2,142.2,0.0
180.0,20.0,48.8106297,7.8541553,142.22,142.22,0.0
190.0,20.0,48.8106297,7.8542917,142.12,142.21,0.08
200.0,20.0,48.8106297,7.8544281,142.2,142.2,0.0
210.0,20.0,48.8106297,7.8545645,142.24,142.24,0.0
220.0,20.0,48.8106297,7.854701,142.15,142.15,0.0
230.0,20.0,48.8106297,7.8548374,142.12,142.12,0.0
240.0,20.0,48.8106297,7.8549738,142.04,153.4,11.36
250.0,20.0,48.8106297,7.8551102,142.03,152.33,10.31
260.0,20.0,48.8106297,7.8552466,142.1,146.89,4.79
270.0,20.0,48.8106297,7.855383,142.2,142.2,0.0
280.0,20.0,48.8106297,7.8555194,142.14,142.14,0.0
290.0,20.0,48.8106297,7.8556558,142.1,142.1,0.0
300.0,20.0,48.8106297,7.8557922,141.99,141.99,0.0
-300.0,10.0,48.8105398,7.8476078,143.19,145.82,2.63
-290.0,10.0,48.8105398,7.8477442,143.3,151.32,8.02
-280.0,10.0,48.8105398,7.8478806,143.29,155.09,11.8
-270.0,10.0,48.8105398,7.848017,143.13,152.44,9.31
-260.0,10.0,48.8105398,7.8481534,143.02,156.31,13.29
-250.0,10.0,48.8105398,7.8482898,143.12,143.12,0.0
-240.0,10.0,48.8105398,7.8484262,143.13,150.63,7.5
-230.0,10.0,48.8105398,7.8485626,143.05,156.25,13.21
-220.0,10.0,48.8105398,7.848699,143.15,157.15,14.01
-210.0,10.0,48.8105398,7.8488355,143.12,143.12,0.0
-200.0,10.0,48.8105398,7.8489719,143.03,153.92,10.89
-190.0,10.0,48.8105398,7.8491083,143.06,143.46,0.4
-180.0,10.0,48.8105398,7.8492447,143.2,155.0,11.79
-170.0,10.0,48.8105398,7.8493811,143.15,155.55,12.41
-160.0,10.0,48.8105398,7.8495175,143.29,157.67,14.37
-150.0,10.0,48.8105398,7.8496539,143.34,154.58,11.25
-140.0,10.0,48.8105398,7.8497903,143.2,144.92,1.72
-130.0,10.0,48.8105398,7.8499267,143.42,144.8,1.38
-120.0,10.0,48.8105398,7.8500631,143.44,143.44,0.0
-110.0,10.0,48.8105398,7.8501995,143.22,145.45,2.23
-100.0,10.0,48.8105398,7.8503359,143.51,157.89,14.38
-90.0,10.0,48.8105398,7.8504723,142.93,150.95,8.02
-80.0,10.0,48.8105398,7.8506087,142.92,157.86,14.94
-70.0,10.0,48.8105398,7.8507452,142.93,157.38,14.45
-60.0,10.0,48.8105398,7.8508816,142.83,156.34,13.51
-50.0,10.0,48.8105398,7.851018,142.82,154.96,12.14
-40.0,10.0,48.8105398,7.8511544,142.71,143.74,1.03
-30.0,10.0,48.8105398,7.8512908,142.71,158.78,16.07
-20.0,10.0,48.8105398,7.8514272,142.52,142.52,0.0
-10.0,10.0,48.8105398,7.8515636,142.64,142.64,0.0
0.0,10.0,48.8105398,7.8517,142.65,142.65,0.0
10.0,10.0,48.8105398,7.8518364,142.56,142.56,0.0
20.0,10.0,48.8105398,7.8519728,142.38,142.39,0.01
30.0,10.0,48.8105398,7.8521092,142.48,152.75,10.27
40.0,10.0,48.8105398,7.8522456,142.39,151.65,9.26
50.0,10.0,48.8105398,7.852382,142.37,156.16,13.79
60.0,10.0,48.8105398,7.8525184,142.45,142.45,0.0
70.0,10.0,48.8105398,7.8526548,142.2,148.16,5.96
80.0,10.0,48.8105398,7.8527913,142.27,142.27,0.0
90.0,10.0,48.8105398,7.8529277,142.19,142.19,0.0
100.0,10.0,48.8105398,7.8530641,142.02,142.02,0.0
110.0,10.0,48.8105398,7.8532005,141.9,141.9,0.0
120.0,10.0,48.8105398,7.8533369,142.01,142.01,0.0
130.0,10.0,48.8105398,7.8534733,142.1,142.1,0.0
140.0,10.0,48.8105398,7.8536097,142.09,142.09,0.0
150.0,10.0,48.8105398,7.8537461,142.24,142.24,0.0
160.0,10.0,48.8105398,7.8538825,142.16,142.16,0.0
170.0,10.0,48.8105398,7.8540189,142.19,142.27,0.08
180.0,10.0,48.8105398,7.8541553,142.26,142.26,0.0
190.0,10.0,48.8105398,7.8542917,142.32,142.32,0.0
200.0,10.0,48.8105398,7.8544281,142.21,142.21,0.0
210.0,10.0,48.8105398,7.8545645,142.07,142.07,0.0
220.0,10.0,48.8105398,7.854701,142.09,142.09,0.0
230.0,10.0,48.8105398,7.8548374,142.11,142.11,0.0
240.0,10.0,48.8105398,7.8549738,142.01,142.01,0.0
250.0,10.0,48.8105398,7.8551102,142.02,152.43,10.41
260.0,10.0,48.8105398,7.8552466,142.2,142.88,0.68
270.0,10.0,48.8105398,7.855383,142.1,142.1,0.0
280.0,10.0,48.8105398,7.8555194,142.15,142.15,0.0
290.0,10.0,48.8105398,7.8556558,142.05,142.05,0.0
300.0,10.0,48.8105398,7.8557922,142.01,142.01,0.0
-300.0,0.0,48.81045,7.8476078,143.18,143.18,0.0
-290.0,0.0,48.81045,7.8477442,143.27,152.66,9.39
-280.0,0.0,48.81045,7.8478806,143.15,143.15,0.0
-270.0,0.0,48.81045,7.848017,143.08,150.93,7.85
-260.0,0.0,48.81045,7.8481534,143.09,143.09,0.0
-250.0,0.0,48.81045,7.8482898,143.13,143.13,0.0
-240.0,0.0,48.81045,7.8484262,143.05,143.05,0.0
-230.0,0.0,48.81045,7.8485626,143.05,152.33,9.28
-220.0,0.0,48.81045,7.848699,143.04,153.65,10.61
-210.0,0.0,48.81045,7.8488355,142.99,153.9,10.91
-200.0,0.0,48.81045,7.8489719,143.02,144.7,1.68
-190.0,0.0,48.81045,7.8491083,142.97,156.55,13.58
-180.0,0.0,48.81045,7.8492447,143.03,153.96,10.94
-170.0,0.0,48.81045,7.8493811,143.29,153.39,10.1
-160.0,0.0,48.81045,7.8495175,142.99,142.99,0.0
-150.0,0.0,48.81045,7.8496539,143.22,149.55,6.32
-140.0,0.0,48.81045,7.8497903,143.31,157.55,14.24
-130.0,0.0,48.81045,7.8499267,143.93,150.06,6.14
-120.0,0.0,48.81045,7.8500631,143.73,158.54,14.81
-110.0,0.0,48.81045,7.8501995,143.21,143.21,0.0
-100.0,0.0,48.81045,7.8503359,143.35,156.34,12.99
-90.0,0.0,48.81045,7.8504723,143.2,149.52,6.32
-80.0,0.0,48.81045,7.8506087,143.08,154.62,11.54
-70.0,0.0,48.81045,7.8507452,143.08,155.67,12.59
-60.0,0.0,48.81045,7.8508816,142.96,159.03,16.06
-50.0,0.0,48.81045,7.851018,142.86,148.45,5.59
-40.0,0.0,48.81045,7.8511544,142.76,158.95,16.18
-30.0,0.0,48.81045,7.8512908,142.97,160.34,17.37
-20.0,0.0,48.81045,7.8514272,142.5,142.5,0.0
-10.0,0.0,48.81045,7.8515636,142.64,142.64,0.0
0.0,0.0,48.81045,7.8517,142.52,142.52,0.0
10.0,0.0,48.81045,7.8518364,142.47,142.47,0.0
20.0,0.0,48.81045,7.8519728,142.39,142.39,0.0
30.0,0.0,48.81045,7.8521092,142.62,142.62,0.0
40.0,0.0,48.81045,7.8522456,142.76,148.21,5.45
50.0,0.0,48.81045,7.852382,142.4,142.4,0.0
60.0,0.0,48.81045,7.8525184,142.27,142.27,0.0
70.0,0.0,48.81045,7.8526548,142.07,143.4,1.34
80.0,0.0,48.81045,7.8527913,142.19,153.37,11.18
90.0,0.0,48.81045,7.8529277,142.07,142.07,0.0
100.0,0.0,48.81045,7.8530641,142.16,142.16,0.0
110.0,0.0,48.81045,7.8532005,142.09,142.09,0.0
120.0,0.0,48.81045,7.8533369,142.07,142.07,0.0
130.0,0.0,48.81045,7.8534733,142.12,142.12,0.0
140.0,0.0,48.81045,7.8536097,142.11,142.11,0.0
150.0,0.0,48.81045,7.8537461,142.15,142.15,0.0
160.0,0.0,48.81045,7.8538825,142.16,142.16,0.0
170.0,0.0,48.81045,7.8540189,142.27,142.27,0.0
180.0,0.0,48.81045,7.8541553,142.13,142.13,0.0
190.0,0.0,48.81045,7.8542917,142.21,142.21,0.0
200.0,0.0,48.81045,7.8544281,142.07,142.07,0.0
210.0,0.0,48.81045,7.8545645,142.02,142.02,0.0
220.0,0.0,48.81045,7.854701,142.0,142.0,0.0
230.0,0.0,48.81045,7.8548374,141.96,141.96,0.0
240.0,0.0,48.81045,7.8549738,142.07,142.07,0.0
250.0,0.0,48.81045,7.8551102,142.13,142.13,0.0
260.0,0.0,48.81045,7.8552466,142.06,142.06,0.0
270.0,0.0,48.81045,7.855383,141.94,141.94,0.0
280.0,0.0,48.81045,7.8555194,141.96,141.96,0.0
290.0,0.0,48.81045,7.8556558,142.0,142.0,0.0
300.0,0.0,48.81045,7.8557922,141.93,141.93,0.0
-300.0,-10.0,48.8103602,7.8476078,143.39,144.34,0.96
-290.0,-10.0,48.8103602,7.8477442,143.26,143.26,0.0
-280.0,-10.0,48.8103602,7.8478806,143.14,143.14,0.0
-270.0,-10.0,48.8103602,7.848017,143.08,152.49,9.41
-260.0,-10.0,48.8103602,7.8481534,142.98,152.93,9.95
-250.0,-10.0,48.8103602,7.8482898,142.99,154.63,11.63
-240.0,-10.0,48.8103602,7.8484262,142.96,153.85,10.89
-230.0,-10.0,48.8103602,7.8485626,142.91,150.01,7.1
-220.0,-10.0,48.8103602,7.848699,142.97,158.27,15.3
-210.0,-10.0,48.8103602,7.8488355,143.13,156.57,13.43
-200.0,-10.0,48.8103602,7.8489719,142.83,150.12,7.29
-190.0,-10.0,48.8103602,7.8491083,142.84,142.84,0.0
-180.0,-10.0,48.8103602,7.8492447,142.98,157.32,14.35
-170.0,-10.0,48.8103602,7.8493811,142.99,159.1,16.11
-160.0,-10.0,48.8103602,7.8495175,143.21,146.99,3.78
-150.0,-10.0,48.8103602,7.8496539,143.27,146.36,3.09
-140.0,-10.0,48.8103602,7.8497903,143.89,149.2,5.31
-130.0,-10.0,48.8103602,7.8499267,144.59,145.5,0.91
-120.0,-10.0,48.8103602,7.8500631,143.46,152.9,9.44
-110.0,-10.0,48.8103602,7.8501995,143.36,152.36,9.0
-100.0,-10.0,48.8103602,7.8503359,143.15,152.13,8.98
-90.0,-10.0,48.8103602,7.8504723,143.07,146.26,3.2
-80.0,-10.0,48.8103602,7.8506087,143.01,151.25,8.24
-70.0,-10.0,48.8103602,7.8507452,142.92,156.2,13.28
-60.0,-10.0,48.8103602,7.8508816,142.96,150.03,7.07
-50.0,-10.0,48.8103602,7.851018,142.71,156.62,13.91
-40.0,-10.0,48.8103602,7.8511544,142.75,142.75,0.0
-30.0,-10.0,48.8103602,7.8512908,142.7,150.45,7.75
-20.0,-10.0,48.8103602,7.8514272,142.5,142.5,0.0
-10.0,-10.0,48.8103602,7.8515636,142.54,142.54,0.0
0.0,-10.0,48.8103602,7.8517,142.59,142.59,0.0
10.0,-10.0,48.8103602,7.8518364,142.47,142.47,0.0
20.0,-10.0,48.8103602,7.8519728,142.43,142.43,0.0
30.0,-10.0,48.8103602,7.8521092,142.82,154.31,11.49
40.0,-10.0,48.8103602,7.8522456,142.75,149.33,6.58
50.0,-10.0,48.8103602,7.852382,142.73,147.65,4.92
60.0,-10.0,48.8103602,7.8525184,142.58,142.58,0.0
70.0,-10.0,48.8103602,7.8526548,142.3,146.83,4.53
80.0,-10.0,48.8103602,7.8527913,142.19,142.19,0.0
90.0,-10.0,48.8103602,7.8529277,142.18,142.18,0.0
100.0,-10.0,48.8103602,7.8530641,142.03,142.03,0.0
110.0,-10.0,48.8103602,7.8532005,142.13,142.13,0.0
120.0,-10.0,48.8103602,7.8533369,142.04,142.04,0.0
130.0,-10.0,48.8103602,7.8534733,142.15,142.15,0.0
140.0,-10.0,48.8103602,7.8536097,142.22,142.22,0.0
150.0,-10.0,48.8103602,7.8537461,142.29,142.29,0.0
160.0,-10.0,48.8103602,7.8538825,142.17,142.17,0.0
170.0,-10.0,48.8103602,7.8540189,142.14,142.14,0.0
180.0,-10.0,48.8103602,7.8541553,142.11,142.11,0.0
190.0,-10.0,48.8103602,7.8542917,142.12,142.12,0.0
200.0,-10.0,48.8103602,7.8544281,142.06,142.06,0.0
210.0,-10.0,48.8103602,7.8545645,142.03,142.03,0.0
220.0,-10.0,48.8103602,7.854701,141.96,141.96,0.0
230.0,-10.0,48.8103602,7.8548374,142.08,142.08,0.0
240.0,-10.0,48.8103602,7.8549738,141.97,141.97,0.0
250.0,-10.0,48.8103602,7.8551102,142.19,145.43,3.24
260.0,-10.0,48.8103602,7.8552466,142.08,142.08,0.0
270.0,-10.0,48.8103602,7.855383,141.99,141.99,0.0
280.0,-10.0,48.8103602,7.8555194,142.0,142.0,0.0
290.0,-10.0,48.8103602,7.8556558,142.02,142.02,0.0
300.0,-10.0,48.8103602,7.8557922,141.9,141.9,0.0
-300.0,-20.0,48.8102703,7.8476078,143.26,157.9,14.64
-290.0,-20.0,48.8102703,7.8477442,143.11,152.88,9.77
-280.0,-20.0,48.8102703,7.8478806,143.27,155.97,12.69
-270.0,-20.0,48.8102703,7.848017,143.28,152.76,9.48
-260.0,-20.0,48.8102703,7.8481534,143.09,143.09,0.0
-250.0,-20.0,48.8102703,7.8482898,143.01,155.22,12.21
-240.0,-20.0,48.8102703,7.8484262,143.16,144.73,1.58
-230.0,-20.0,48.8102703,7.8485626,142.78,152.31,9.53
-220.0,-20.0,48.8102703,7.848699,142.79,155.66,12.88
-210.0,-20.0,48.8102703,7.8488355,142.99,153.38,10.4
-200.0,-20.0,48.8102703,7.8489719,142.98,158.65,15.67
-190.0,-20.0,48.8102703,7.8491083,142.97,153.72,10.75
-180.0,-20.0,48.8102703,7.8492447,143.03,143.03,0.0
-170.0,-20.0,48.8102703,7.8493811,143.02,157.19,14.17
-160.0,-20.0,48.8102703,7.8495175,143.21,154.2,10.99
-150.0,-20.0,48.8102703,7.8496539,143.45,147.21,3.76
-140.0,-20.0,48.8102703,7.8497903,143.74,144.0,0.26
-130.0,-20.0,48.8102703,7.8499267,144.44,154.79,10.35
-120.0,-20.0,48.8102703,7.8500631,143.74,143.74,0.0
-110.0,-20.0,48.8102703,7.8501995,143.4,143.71,0.32
-100.0,-20.0,48.8102703,7.8503359,143.17,151.78,8.61
-90.0,-20.0,48.8102703,7.8504723,142.9,147.26,4.36
-80.0,-20.0,48.8102703,7.8506087,142.81,147.4,4.59
-70.0,-20.0,48.8102703,7.8507452,142.86,156.16,13.31
-60.0,-20.0,48.8102703,7.8508816,142.8,150.45,7.65
-50.0,-20.0,48.8102703,7.851018,142.76,142.94,0.18
-40.0,-20.0,48.8102703,7.8511544,142.72,158.11,15.4
-30.0,-20.0,48.8102703,7.8512908,142.73,157.19,14.46
-20.0,-20.0,48.8102703,7.8514272,142.44,142.44,0.0
-10.0,-20.0,48.8102703,7.8515636,142.54,142.54,0.0
0.0,-20.0,48.8102703,7.8517,142.52,142.52,0.0
10.0,-20.0,48.8102703,7.8518364,142.55,142.55,0.0
20.0,-20.0,48.8102703,7.8519728,142.53,142.53,0.0
30.0,-20.0,48.8102703,7.8521092,142.84,153.03,10.19
40.0,-20.0,48.8102703,7.8522456,142.52,146.35,3.83
50.0,-20.0,48.8102703,7.852382,142.54,142.54,0.0
60.0,-20.0,48.8102703,7.8525184,142.5,142.5,0.0
70.0,-20.0,48.8102703,7.8526548,142.59,142.59,0.0
80.0,-20.0,48.8102703,7.8527913,142.3,142.3,0.0
90.0,-20.0,48.8102703,7.8529277,142.21,142.21,0.0
100.0,-20.0,48.8102703,7.8530641,142.09,142.09,0.0
110.0,-20.0,48.8102703,7.8532005,142.15,142.15,0.0
120.0,-20.0,48.8102703,7.8533369,142.02,142.02,0.0
130.0,-20.0,48.8102703,7.8534733,142.26,142.26,0.0
140.0,-20.0,48.8102703,7.8536097,142.11,142.11,0.0
150.0,-20.0,48.8102703,7.8537461,142.21,142.21,0.0
160.0,-20.0,48.8102703,7.8538825,142.11,142.11,0.0
170.0,-20.0,48.8102703,7.8540189,142.11,142.11,0.0
180.0,-20.0,48.8102703,7.8541553,142.02,142.02,0.0
190.0,-20.0,48.8102703,7.8542917,142.1,142.1,0.0
200.0,-20.0,48.8102703,7.8544281,142.06,142.06,0.0
210.0,-20.0,48.8102703,7.8545645,142.02,142.02,0.0
220.0,-20.0,48.8102703,7.854701,141.97,141.97,0.0
230.0,-20.0,48.8102703,7.8548374,142.04,142.04,0.0
240.0,-20.0,48.8102703,7.8549738,141.94,141.94,0.0
250.0,-20.0,48.8102703,7.8551102,142.02,142.02,0.0
260.0,-20.0,48.8102703,7.8552466,141.99,141.99,0.0
270.0,-20.0,48.8102703,7.855383,141.82,141.82,0.0
280.0,-20.0,48.8102703,7.8555194,141.75,141.75,0.0
290.0,-20.0,48.8102703,7.8556558,141.83,141.83,0.0
300.0,-20.0,48.8102703,7.8557922,141.84,141.84,0.0
-300.0,-30.0,48.8101805,7.8476078,144.35,155.16,10.81
-290.0,-30.0,48.8101805,7.8477442,143.15,153.81,10.66
-280.0,-30.0,48.8101805,7.8478806,143.27,157.33,14.06
-270.0,-30.0,48.8101805,7.848017,143.34,149.68,6.34
-260.0,-30.0,48.8101805,7.8481534,142.93,142.93,0.0
-250.0,-30.0,48.8101805,7.8482898,142.93,151.17,8.24
-240.0,-30.0,48.8101805,7.8484262,143.0,155.43,12.43
-230.0,-30.0,48.8101805,7.8485626,142.94,151.8,8.86
-220.0,-30.0,48.8101805,7.848699,143.11,157.93,14.82
-210.0,-30.0,48.8101805,7.8488355,142.87,150.22,7.36
-200.0,-30.0,48.8101805,7.8489719,142.95,142.95,0.0
-190.0,-30.0,48.8101805,7.8491083,142.93,142.93,0.0
-180.0,-30.0,48.8101805,7.8492447,143.01,152.59,9.57
-170.0,-30.0,48.8101805,7.8493811,143.01,155.62,12.61
-160.0,-30.0,48.8101805,7.8495175,143.01,152.45,9.44
-150.0,-30.0,48.8101805,7.8496539,143.33,149.93,6.59
-140.0,-30.0,48.8101805,7.8497903,143.98,158.02,14.04
-130.0,-30.0,48.8101805,7.8499267,144.22,151.05,6.83
-120.0,-30.0,48.8101805,7.8500631,144.34,151.41,7.07
-110.0,-30.0,48.8101805,7.8501995,143.63,143.63,0.0
-100.0,-30.0,48.8101805,7.8503359,143.33,143.71,0.38
-90.0,-30.0,48.8101805,7.8504723,142.89,150.08,7.19
-80.0,-30.0,48.8101805,7.8506087,142.89,154.67,11.77
-70.0,-30.0,48.8101805,7.8507452,142.87,153.74,10.87
-60.0,-30.0,48.8101805,7.8508816,142.72,152.73,10.02
-50.0,-30.0,48.8101805,7.851018,142.9,159.05,16.15
-40.0,-30.0,48.8101805,7.8511544,142.76,144.37,1.6
-30.0,-30.0,48.8101805,7.8512908,142.71,160.37,17.66
-20.0,-30.0,48.8101805,7.8514272,142.43,142.94,0.52
-10.0,-30.0,48.8101805,7.8515636,142.47,142.47,0.0
0.0,-30.0,48.8101805,7.8517,142.45,142.45,0.0
10.0,-30.0,48.8101805,7.8518364,142.47,142.47,0.0
20.0,-30.0,48.8101805,7.8519728,142.47,142.47,0.0
30.0,-30.0,48.8101805,7.8521092,142.58,153.1,10.52
40.0,-30.0,48.8101805,7.8522456,142.72,142.72,0.0
50.0,-30.0,48.8101805,7.852382,142.54,142.54,0.0
60.0,-30.0,48.8101805,7.8525184,142.52,142.52,0.0
70.0,-30.0,48.8101805,7.8526548,142.48,142.48,0.0
80.0,-30.0,48.8101805,7.8527913,142.36,142.36,0.0
90.0,-30.0,48.8101805,7.8529277,142.41,142.41,0.0
100.0,-30.0,48.8101805,7.8530641,142.28,142.28,0.0
110.0,-30.0,48.8101805,7.8532005,142.23,142.23,0.0
120.0,-30.0,48.8101805,7.8533369,142.21,142.21,0.0
130.0,-30.0,48.8101805,7.8534733,142.26,142.26,0.0
140.0,-30.0,48.8101805,7.8536097,142.13,142.13,0.0
150.0,-30.0,48.8101805,7.8537461,141.96,141.96,0.0
160.0,-30.0,48.8101805,7.8538825,142.0,142.0,0.0
170.0,-30.0,48.8101805,7.8540189,142.02,142.02,0.0
180.0,-30.0,48.8101805,7.8541553,142.01,142.01,0.0
190.0,-30.0,48.8101805,7.8542917,142.0,142.0,0.0
200.0,-30.0,48.8101805,7.8544281,142.02,142.02,0.0
210.0,-30.0,48.8101805,7.8545645,142.0,142.0,0.0
220.0,-30.0,48.8101805,7.854701,142.03,142.03,0.0
230.0,-30.0,48.8101805,7.8548374,142.1,142.1,0.0
240.0,-30.0,48.8101805,7.8549738,142.04,142.04,0.0
250.0,-30.0,48.8101805,7.8551102,141.92,141.92,0.0
260.0,-30.0,48.8101805,7.8552466,141.9,141.9,0.0
270.0,-30.0,48.8101805,7.855383,141.97,141.97,0.0
280.0,-30.0,48.8101805,7.8555194,141.83,141.83,0.0
290.0,-30.0,48.8101805,7.8556558,141.69,141.69,0.0
300.0,-30.0,48.8101805,7.8557922,141.68,141.68,0.0
-300.0,-40.0,48.8100907,7.8476078,143.37,156.68,13.31
-290.0,-40.0,48.8100907,7.8477442,143.12,143.12,0.0
-280.0,-40.0,48.8100907,7.8478806,143.09,152.17,9.08
-270.0,-40.0,48.8100907,7.848017,143.16,149.51,6.35
-260.0,-40.0,48.8100907,7.8481534,143.11,157.42,14.31
-250.0,-40.0,48.8100907,7.8482898,143.17,153.0,9.82
-240.0,-40.0,48.8100907,7.8484262,143.03,153.96,10.93
-230.0,-40.0,48.8100907,7.8485626,142.89,150.8,7.91
-220.0,-40.0,48.8100907,7.848699,142.87,157.09,14.22
-210.0,-40.0,48.8100907,7.8488355,142.89,153.05,10.16
-200.0,-40.0,48.8100907,7.8489719,142.88,157.69,14.81
-190.0,-40.0,48.8100907,7.8491083,142.93,156.37,13.45
-180.0,-40.0,48.8100907,7.8492447,142.87,156.46,13.59
-170.0,-40.0,48.8100907,7.8493811,142.76,155.55,12.79
-160.0,-40.0,48.8100907,7.8495175,143.0,150.58,7.58
-150.0,-40.0,48.8100907,7.8496539,143.0,143.0,0.0
-140.0,-40.0,48.8100907,7.8497903,143.22,149.98,6.76
-130.0,-40.0,48.8100907,7.8499267,143.45,153.38,9.93
-120.0,-40.0,48.8100907,7.8500631,143.37,144.76,1.39
-110.0,-40.0,48.8100907,7.8501995,143.44,152.18,8.74
-100.0,-40.0,48.8100907,7.8503359,143.53,150.05,6.52
-90.0,-40.0,48.8100907,7.8504723,143.55,152.7,9.15
-80.0,-40.0,48.8100907,7.8506087,143.64,149.09,5.45
-70.0,-40.0,48.8100907,7.8507452,143.53,151.21,7.68
-60.0,-40.0,48.8100907,7.8508816,143.23,157.33,14.1
-50.0,-40.0,48.8100907,7.851018,143.14,154.19,11.05
-40.0,-40.0,48.8100907,7.8511544,142.96,146.46,3.49
-30.0,-40.0,48.8100907,7.8512908,142.79,156.63,13.84
-20.0,-40.0,48.8100907,7.8514272,142.54,156.4,13.85
-10.0,-40.0,48.8100907,7.8515636,142.5,142.5,0.0
0.0,-40.0,48.8100907,7.8517,142.43,142.43,0.0
10.0,-40.0,48.8100907,7.8518364,142.49,142.49,0.0
20.0,-40.0,48.8100907,7.8519728,142.44,142.44,0.0
30.0,-40.0,48.8100907,7.8521092,142.52,142.52,0.0
40.0,-40.0,48.8100907,7.8522456,142.51,142.59,0.08
50.0,-40.0,48.8100907,7.852382,142.69,142.69,0.0
60.0,-40.0,48.8100907,7.8525184,142.49,142.49,0.0
70.0,-40.0,48.8100907,7.8526548,142.56,142.56,0.0
80.0,-40.0,48.8100907,7.8527913,142.45,142.45,0.0
90.0,-40.0,48.8100907,7.8529277,142.27,142.27,0.0
100.0,-40.0,48.8100907,7.8530641,142.42,142.42,0.0
110.0,-40.0,48.8100907,7.8532005,142.36,142.36,0.0
120.0,-40.0,48.8100907,7.8533369,142.25,142.25,0.0
130.0,-40.0,48.8100907,7.8534733,142.27,142.27,0.0
140.0,-40.0,48.8100907,7.8536097,142.14,142.14,0.0
150.0,-40.0,48.8100907,7.8537461,142.08,142.08,0.0
160.0,-40.0,48.8100907,7.8538825,142.12,142.12,0.0
170.0,-40.0,48.8100907,7.8540189,141.99,141.99,0.0
180.0,-40.0,48.8100907,7.8541553,141.99,141.99,0.0
190.0,-40.0,48.8100907,7.8542917,141.95,141.95,0.0
200.0,-40.0,48.8100907,7.8544281,141.9,141.9,0.0
210.0,-40.0,48.8100907,7.8545645,142.03,142.03,0.0
220.0,-40.0,48.8100907,7.854701,141.99,141.99,0.0
230.0,-40.0,48.8100907,7.8548374,142.11,142.11,0.0
240.0,-40.0,48.8100907,7.8549738,141.93,141.93,0.0
250.0,-40.0,48.8100907,7.8551102,141.95,141.95,0.0
260.0,-40.0,48.8100907,7.8552466,141.85,141.85,0.0
270.0,-40.0,48.8100907,7.855383,141.74,141.74,0.0
280.0,-40.0,48.8100907,7.8555194,141.72,141.72,0.0
290.0,-40.0,48.8100907,7.8556558,141.66,141.66,0.0
300.0,-40.0,48.8100907,7.8557922,141.63,141.63,0.0
-300.0,-50.0,48.8100008,7.8476078,143.31,154.88,11.57
-290.0,-50.0,48.8100008,7.8477442,143.34,151.77,8.43
-280.0,-50.0,48.8100008,7.8478806,143.44,155.31,11.88
-270.0,-50.0,48.8100008,7.848017,143.21,154.69,11.48
-260.0,-50.0,48.8100008,7.8481534,143.18,143.18,0.0
-250.0,-50.0,48.8100008,7.8482898,143.01,155.1,12.09
-240.0,-50.0,48.8100008,7.8484262,143.03,156.07,13.04
-230.0,-50.0,48.8100008,7.8485626,143.05,156.58,13.53
-220.0,-50.0,48.8100008,7.848699,143.03,157.44,14.41
-210.0,-50.0,48.8100008,7.8488355,142.95,154.38,11.43
-200.0,-50.0,48.8100008,7.8489719,142.9,154.7,11.81
-190.0,-50.0,48.8100008,7.8491083,142.92,159.02,16.1
-180.0,-50.0,48.8100008,7.8492447,142.78,142.78,0.0
-170.0,-50.0,48.8100008,7.8493811,142.9,152.81,9.91
-160.0,-50.0,48.8100008,7.8495175,142.8,152.19,9.39
-150.0,-50.0,48.8100008,7.8496539,142.76,155.75,13.0
-140.0,-50.0,48.8100008,7.8497903,142.85,145.51,2.66
-130.0,-50.0,48.8100008,7.8499267,143.17,157.0,13.83
-120.0,-50.0,48.8100008,7.8500631,143.17,153.99,10.82
-110.0,-50.0,48.8100008,7.8501995,143.12,156.07,12.95
-100.0,-50.0,48.8100008,7.8503359,143.16,154.55,11.39
-90.0,-50.0,48.8100008,7.8504723,142.96,142.96,0.0
-80.0,-50.0,48.8100008,7.8506087,143.06,145.92,2.86
-70.0,-50.0,48.8100008,7.8507452,143.06,157.5,14.44
-60.0,-50.0,48.8100008,7.8508816,143.27,159.18,15.91
-50.0,-50.0,48.8100008,7.851018,143.16,158.28,15.12
-40.0,-50.0,48.8100008,7.8511544,143.96,158.83,14.87
-30.0,-50.0,48.8100008,7.8512908,142.67,155.57,12.89
-20.0,-50.0,48.8100008,7.8514272,142.62,155.73,13.11
-10.0,-50.0,48.8100008,7.8515636,142.41,142.41,0.0
0.0,-50.0,48.8100008,7.8517,142.43,142.43,0.0
10.0,-50.0,48.8100008,7.8518364,142.44,142.44,0.0
20.0,-50.0,48.8100008,7.8519728,142.42,142.42,0.0
30.0,-50.0,48.8100008,7.8521092,142.41,142.41,0.0
40.0,-50.0,48.8100008,7.8522456,142.54,150.24,7.69
50.0,-50.0,48.8100008,7.852382,142.43,142.43,0.0
60.0,-50.0,48.8100008,7.8525184,142.47,142.47,0.0
70.0,-50.0,48.8100008,7.8526548,142.53,142.53,0.0
80.0,-50.0,48.8100008,7.8527913,142.3,142.3,0.0
90.0,-50.0,48.8100008,7.8529277,142.33,142.33,0.0
100.0,-50.0,48.8100008,7.8530641,142.47,142.47,0.0
110.0,-50.0,48.8100008,7.8532005,142.22,142.22,0.0
120.0,-50.0,48.8100008,7.8533369,142.31,142.31,0.0
130.0,-50.0,48.8100008,7.8534733,142.32,142.32,0.0
140.0,-50.0,48.8100008,7.8536097,142.11,142.11,0.0
150.0,-50.0,48.8100008,7.8537461,142.22,142.22,0.0
160.0,-50.0,48.8100008,7.8538825,142.07,142.07,0.0
170.0,-50.0,48.8100008,7.8540189,142.02,142.02,0.0
180.0,-50.0,48.8100008,7.8541553,142.02,142.02,0.0
190.0,-50.0,48.8100008,7.8542917,141.99,141.99,0.0
200.0,-50.0,48.8100008,7.8544281,141.96,141.96,0.0
210.0,-50.0,48.8100008,7.8545645,141.94,141.94,0.0
220.0,-50.0,48.8100008,7.854701,141.96,141.96,0.0
230.0,-50.0,48.8100008,7.8548374,141.97,141.97,0.0
240.0,-50.0,48.8100008,7.8549738,141.92,141.92,0.0
250.0,-50.0,48.8100008,7.8551102,141.92,141.92,0.0
260.0,-50.0,48.8100008,7.8552466,141.77,141.77,0.0
270.0,-50.0,48.8100008,7.855383,141.94,141.94,0.0
280.0,-50.0,48.8100008,7.8555194,141.58,141.58,0.0
290.0,-50.0,48.8100008,7.8556558,141.58,141.58,0.0
300.0,-50.0,48.8100008,7.8557922,141.64,141.64,0.0
-300.0,-60.0,48.809911,7.8476078,143.27,143.27,0.0
-290.0,-60.0,48.809911,7.8477442,143.3,146.46,3.16
-280.0,-60.0,48.809911,7.8478806,143.22,156.69,13.48
-270.0,-60.0,48.809911,7.848017,143.28,157.53,14.25
-260.0,-60.0,48.809911,7.8481534,143.24,159.79,16.55
-250.0,-60.0,48.809911,7.8482898,143.13,159.02,15.89
-240.0,-60.0,48.809911,7.8484262,143.08,159.21,16.13
-230.0,-60.0,48.809911,7.8485626,143.02,148.07,5.05
-220.0,-60.0,48.809911,7.848699,143.02,156.25,13.23
-210.0,-60.0,48.809911,7.8488355,142.99,142.99,0.0
-200.0,-60.0,48.809911,7.8489719,142.79,142.79,0.0
-190.0,-60.0,48.809911,7.8491083,142.73,156.27,13.55
-180.0,-60.0,48.809911,7.8492447,142.92,158.3,15.38
-170.0,-60.0,48.809911,7.8493811,142.82,158.45,15.63
-160.0,-60.0,48.809911,7.8495175,142.84,152.46,9.62
-150.0,-60.0,48.809911,7.8496539,142.79,142.79,0.0
-140.0,-60.0,48.809911,7.8497903,143.02,143.02,0.0
-130.0,-60.0,48.809911,7.8499267,142.84,157.2,14.36
-120.0,-60.0,48.809911,7.8500631,143.12,157.79,14.66
-110.0,-60.0,48.809911,7.8501995,143.07,155.25,12.19
-100.0,-60.0,48.809911,7.8503359,143.04,154.88,11.84
-90.0,-60.0,48.809911,7.8504723,142.9,153.3,10.39
-80.0,-60.0,48.809911,7.8506087,142.9,156.77,13.87
-70.0,-60.0,48.809911,7.8507452,142.86,155.43,12.57
-60.0,-60.0,48.809911,7.8508816,142.64,156.31,13.67
-50.0,-60.0,48.809911,7.851018,142.69,142.74,0.05
-40.0,-60.0,48.809911,7.8511544,142.57,158.88,16.31
-30.0,-60.0,48.809911,7.8512908,142.5,147.18,4.68
-20.0,-60.0,48.809911,7.8514272,142.51,147.13,4.63
-10.0,-60.0,48.809911,7.8515636,142.37,142.37,0.0
0.0,-60.0,48.809911,7.8517,142.45,142.45,0.0
10.0,-60.0,48.809911,7.8518364,142.43,142.43,0.0
20.0,-60.0,48.809911,7.8519728,142.42,142.42,0.0
30.0,-60.0,48.809911,7.8521092,142.33,142.33,0.0
40.0,-60.0,48.809911,7.8522456,142.77,142.85,0.09
50.0,-60.0,48.809911,7.852382,142.5,142.5,0.0
60.0,-60.0,48.809911,7.8525184,142.44,142.44,0.0
70.0,-60.0,48.809911,7.8526548,142.45,142.45,0.0
80.0,-60.0,48.809911,7.8527913,142.41,142.41,0.0
90.0,-60.0,48.809911,7.8529277,142.37,142.37,0.0
100.0,-60.0,48.809911,7.8530641,142.3,142.3,0.0
110.0,-60.0,48.809911,7.8532005,142.26,142.26,0.0
120.0,-60.0,48.809911,7.8533369,142.28,142.28,0.0
130.0,-60.0,48.809911,7.8534733,142.26,142.26,0.0
140.0,-60.0,48.809911,7.8536097,142.29,142.29,0.0
150.0,-60.0,48.809911,7.8537461,142.12,142.12,0.0
160.0,-60.0,48.809911,7.8538825,142.07,142.07,0.0
170.0,-60.0,48.809911,7.8540189,142.06,142.06,0.0
180.0,-60.0,48.809911,7.8541553,142.1,142.1,0.0
190.0,-60.0,48.809911,7.8542917,142.03,142.03,0.0
200.0,-60.0,48.809911,7.8544281,142.03,142.03,0.0
210.0,-60.0,48.809911,7.8545645,142.0,142.0,0.0
220.0,-60.0,48.809911,7.854701,141.99,141.99,0.0
230.0,-60.0,48.809911,7.8548374,141.91,141.91,0.0
240.0,-60.0,48.809911,7.8549738,141.9,141.9,0.0
250.0,-60.0,48.809911,7.8551102,141.81,141.81,0.0
260.0,-60.0,48.809911,7.8552466,141.77,141.77,0.0
270.0,-60.0,48.809911,7.855383,141.68,141.68,0.0
280.0,-60.0,48.809911,7.8555194,141.64,141.64,0.0
290.0,-60.0,48.809911,7.8556558,141.62,141.62,0.0
300.0,-60.0,48.809911,7.8557922,141.61,141.61,0.0
-300.0,-70.0,48.8098212,7.8476078,143.21,155.0,11.79
-290.0,-70.0,48.8098212,7.8477442,143.28,157.39,14.11
-280.0,-70.0,48.8098212,7.8478806,143.28,157.96,14.68
-270.0,-70.0,48.8098212,7.848017,143.32,149.61,6.29
-260.0,-70.0,48.8098212,7.8481534,143.17,156.8,13.63
-250.0,-70.0,48.8098212,7.8482898,143.15,155.44,12.29
-240.0,-70.0,48.8098212,7.8484262,143.04,143.04,0.0
-230.0,-70.0,48.8098212,7.8485626,142.95,144.44,1.49
-220.0,-70.0,48.8098212,7.848699,142.97,156.3,13.33
-210.0,-70.0,48.8098212,7.8488355,142.87,154.88,12.0
-200.0,-70.0,48.8098212,7.8489719,142.8,158.78,15.98
-190.0,-70.0,48.8098212,7.8491083,142.84,157.73,14.9
-180.0,-70.0,48.8098212,7.8492447,142.92,157.66,14.74
-170.0,-70.0,48.8098212,7.8493811,142.9,157.1,14.2
-160.0,-70.0,48.8098212,7.8495175,142.88,142.88,0.0
-150.0,-70.0,48.8098212,7.8496539,143.09,143.09,0.0
-140.0,-70.0,48.8098212,7.8497903,142.76,157.45,14.69
-130.0,-70.0,48.8098212,7.8499267,142.9,158.2,15.3
-120.0,-70.0,48.8098212,7.8500631,143.01,152.8,9.79
-110.0,-70.0,48.8098212,7.8501995,142.94,158.4,15.46
-100.0,-70.0,48.8098212,7.8503359,142.89,158.16,15.28
-90.0,-70.0,48.8098212,7.8504723,143.14,154.08,10.95
-80.0,-70.0,48.8098212,7.8506087,142.84,148.45,5.61
-70.0,-70.0,48.8098212,7.8507452,142.73,142.73,0.0
-60.0,-70.0,48.8098212,7.8508816,142.55,142.55,0.0
-50.0,-70.0,48.8098212,7.851018,142.53,142.53,0.0
-40.0,-70.0,48.8098212,7.8511544,142.53,157.11,14.59
-30.0,-70.0,48.8098212,7.8512908,142.56,157.53,14.97
-20.0,-70.0,48.8098212,7.8514272,142.49,154.01,11.52
-10.0,-70.0,48.8098212,7.8515636,142.37,142.37,0.0
0.0,-70.0,48.8098212,7.8517,142.52,142.52,0.0
10.0,-70.0,48.8098212,7.8518364,142.43,142.43,0.0
20.0,-70.0,48.8098212,7.8519728,142.42,142.42,0.0
30.0,-70.0,48.8098212,7.8521092,142.32,142.32,0.0
40.0,-70.0,48.8098212,7.8522456,142.55,142.55,0.0
50.0,-70.0,48.8098212,7.852382,142.33,142.33,0.0
60.0,-70.0,48.8098212,7.8525184,142.51,142.51,0.0
70.0,-70.0,48.8098212,7.8526548,142.42,142.42,0.0
80.0,-70.0,48.8098212,7.8527913,142.44,142.44,0.0
90.0,-70.0,48.8098212,7.8529277,142.5,142.5,0.0
100.0,-70.0,48.8098212,7.8530641,142.33,142.33,0.0
110.0,-70.0,48.8098212,7.8532005,142.34,142.34,0.0
120.0,-70.0,48.8098212,7.8533369,142.26,142.26,0.0
130.0,-70.0,48.8098212,7.8534733,142.28,142.28,0.0
140.0,-70.0,48.8098212,7.8536097,142.24,142.24,0.0
150.0,-70.0,48.8098212,7.8537461,142.11,142.11,0.0
160.0,-70.0,48.8098212,7.8538825,142.06,142.06,0.0
170.0,-70.0,48.8098212,7.8540189,142.11,142.11,0.0
180.0,-70.0,48.8098212,7.8541553,142.05,142.05,0.0
190.0,-70.0,48.8098212,7.8542917,142.12,142.12,0.0
200.0,-70.0,48.8098212,7.8544281,141.97,141.97,0.0
210.0,-70.0,48.8098212,7.8545645,141.96,141.96,0.0
220.0,-70.0,48.8098212,7.854701,141.94,141.94,0.0
230.0,-70.0,48.8098212,7.8548374,141.92,141.92,0.0
240.0,-70.0,48.8098212,7.8549738,141.88,141.88,0.0
250.0,-70.0,48.8098212,7.8551102,141.78,141.78,0.0
260.0,-70.0,48.8098212,7.8552466,141.72,141.72,0.0
270.0,-70.0,48.8098212,7.855383,141.6,141.6,0.0
280.0,-70.0,48.8098212,7.8555194,141.62,141.62,0.0
290.0,-70.0,48.8098212,7.8556558,141.65,141.65,0.0
300.0,-70.0,48.8098212,7.8557922,141.62,141.62,0.0
-300.0,-80.0,48.8097314,7.8476078,143.47,157.02,13.55
-290.0,-80.0,48.8097314,7.8477442,143.35,155.43,12.09
-280.0,-80.0,48.8097314,7.8478806,143.36,157.91,14.55
-270.0,-80.0,48.8097314,7.848017,143.22,143.22,0.0
-260.0,-80.0,48.8097314,7.8481534,143.18,155.53,12.34
-250.0,-80.0,48.8097314,7.8482898,142.91,155.85,12.94
-240.0,-80.0,48.8097314,7.8484262,143.05,152.86,9.82
-230.0,-80.0,48.8097314,7.8485626,143.07,154.52,11.45
-220.0,-80.0,48.8097314,7.848699,142.91,158.41,15.5
-210.0,-80.0,48.8097314,7.8488355,142.99,156.44,13.45
-200.0,-80.0,48.8097314,7.8489719,142.79,145.14,2.35
-190.0,-80.0,48.8097314,7.8491083,142.83,142.83,0.0
-180.0,-80.0,48.8097314,7.8492447,142.86,160.6,17.74
-170.0,-80.0,48.8097314,7.8493811,143.0,155.77,12.77
-160.0,-80.0,48.8097314,7.8495175,142.79,158.05,15.26
-150.0,-80.0,48.8097314,7.8496539,142.83,157.51,14.68
-140.0,-80.0,48.8097314,7.8497903,142.75,157.52,14.77
-130.0,-80.0,48.8097314,7.8499267,142.91,158.06,15.15
-120.0,-80.0,48.8097314,7.8500631,143.08,155.42,12.34
-110.0,-80.0,48.8097314,7.8501995,142.86,142.87,0.02
-100.0,-80.0,48.8097314,7.8503359,142.76,147.56,4.81
-90.0,-80.0,48.8097314,7.8504723,143.03,147.45,4.42
-80.0,-80.0,48.8097314,7.8506087,142.93,150.66,7.74
-70.0,-80.0,48.8097314,7.8507452,142.67,158.51,15.84
-60.0,-80.0,48.8097314,7.8508816,142.65,142.66,0.01
-50.0,-80.0,48.8097314,7.851018,142.62,158.69,16.07
-40.0,-80.0,48.8097314,7.8511544,142.51,158.96,16.45
-30.0,-80.0,48.8097314,7.8512908,142.52,158.47,15.95
-20.0,-80.0,48.8097314,7.8514272,142.48,156.26,13.78
-10.0,-80.0,48.8097314,7.8515636,142.25,142.25,0.0
0.0,-80.0,48.8097314,7.8517,142.41,142.41,0.0
10.0,-80.0,48.8097314,7.8518364,142.29,142.29,0.0
20.0,-80.0,48.8097314,7.8519728,142.3,142.3,0.0
30.0,-80.0,48.8097314,7.8521092,142.22,142.22,0.0
40.0,-80.0,48.8097314,7.8522456,142.53,142.53,0.0
50.0,-80.0,48.8097314,7.852382,142.44,142.44,0.0
60.0,-80.0,48.8097314,7.8525184,142.49,142.49,0.0
70.0,-80.0,48.8097314,7.8526548,142.42,142.42,0.0
80.0,-80.0,48.8097314,7.8527913,142.46,142.46,0.0
90.0,-80.0,48.8097314,7.8529277,142.38,150.67,8.29
100.0,-80.0,48.8097314,7.8530641,142.33,142.33,0.0
110.0,-80.0,48.8097314,7.8532005,142.13,142.13,0.0
120.0,-80.0,48.8097314,7.8533369,142.07,142.07,0.0
130.0,-80.0,48.8097314,7.8534733,142.09,142.09,0.0
140.0,-80.0,48.8097314,7.8536097,142.24,142.24,0.0
150.0,-80.0,48.8097314,7.8537461,142.05,142.05,0.0
160.0,-80.0,48.8097314,7.8538825,142.02,142.02,0.0
170.0,-80.0,48.8097314,7.8540189,142.05,142.05,0.0
180.0,-80.0,48.8097314,7.8541553,142.04,142.04,0.0
190.0,-80.0,48.8097314,7.8542917,141.99,141.99,0.0
200.0,-80.0,48.8097314,7.8544281,142.08,142.08,0.0
210.0,-80.0,48.8097314,7.8545645,142.02,142.02,0.0
220.0,-80.0,48.8097314,7.854701,142.08,142.08,0.0
230.0,-80.0,48.8097314,7.8548374,141.97,141.97,0.0
240.0,-80.0,48.8097314,7.8549738,141.89,141.89,0.0
250.0,-80.0,48.8097314,7.8551102,141.79,141.79,0.0
260.0,-80.0,48.8097314,7.8552466,141.76,141.76,0.0
270.0,-80.0,48.8097314,7.855383,141.76,141.76,0.0
280.0,-80.0,48.8097314,7.8555194,141.55,141.55,0.0
290.0,-80.0,48.8097314,7.8556558,141.56,141.56,0.0
300.0,-80.0,48.8097314,7.8557922,141.71,141.71,0.0
-300.0,-90.0,48.8096415,7.8476078,143.34,147.15,3.81
-290.0,-90.0,48.8096415,7.8477442,143.23,154.93,11.69
-280.0,-90.0,48.8096415,7.8478806,143.23,155.03,11.8
-270.0,-90.0,48.8096415,7.848017,143.23,155.99,12.77
-260.0,-90.0,48.8096415,7.8481534,143.11,155.58,12.47
-250.0,-90.0,48.8096415,7.8482898,142.91,153.89,10.98
-240.0,-90.0,48.8096415,7.8484262,143.07,155.83,12.77
-230.0,-90.0,48.8096415,7.8485626,143.13,156.67,13.54
-220.0,-90.0,48.8096415,7.848699,142.86,142.86,0.0
-210.0,-90.0,48.8096415,7.8488355,142.99,156.66,13.68
-200.0,-90.0,48.8096415,7.8489719,142.79,155.35,12.56
-190.0,-90.0,48.8096415,7.8491083,143.03,158.88,15.85
-180.0,-90.0,48.8096415,7.8492447,142.79,156.02,13.23
-170.0,-90.0,48.8096415,7.8493811,142.86,157.68,14.81
-160.0,-90.0,48.8096415,7.8495175,142.92,154.36,11.44
-150.0,-90.0,48.8096415,7.8496539,142.85,157.79,14.94
-140.0,-90.0,48.8096415,7.8497903,142.97,160.4,17.43
-130.0,-90.0,48.8096415,7.8499267,142.9,142.9,0.0
-120.0,-90.0,48.8096415,7.8500631,143.04,155.22,12.18
-110.0,-90.0,48.8096415,7.8501995,142.64,155.71,13.07
-100.0,-90.0,48.8096415,7.8503359,142.64,157.72,15.07
-90.0,-90.0,48.8096415,7.8504723,142.74,158.84,16.1
-80.0,-90.0,48.8096415,7.8506087,143.0,159.05,16.05
-70.0,-90.0,48.8096415,7.8507452,142.76,156.7,13.94
-60.0,-90.0,48.8096415,7.8508816,142.66,142.66,0.0
-50.0,-90.0,48.8096415,7.851018,142.59,155.04,12.45
-40.0,-90.0,48.8096415,7.8511544,142.52,152.15,9.63
-30.0,-90.0,48.8096415,7.8512908,142.46,142.46,0.0
-20.0,-90.0,48.8096415,7.8514272,142.64,152.85,10.21
-10.0,-90.0,48.8096415,7.8515636,142.16,150.51,8.35
0.0,-90.0,48.8096415,7.8517,142.29,142.29,0.0
10.0,-90.0,48.8096415,7.8518364,142.29,142.29,0.0
20.0,-90.0,48.8096415,7.8519728,142.33,142.33,0.0
30.0,-90.0,48.8096415,7.8521092,142.22,142.22,0.0
40.0,-90.0,48.8096415,7.8522456,142.56,142.56,0.0
50.0,-90.0,48.8096415,7.852382,142.41,145.33,2.92
60.0,-90.0,48.8096415,7.8525184,142.37,142.37,0.0
70.0,-90.0,48.8096415,7.8526548,142.34,142.34,0.0
80.0,-90.0,48.8096415,7.8527913,142.39,142.39,0.0
90.0,-90.0,48.8096415,7.8529277,142.37,142.37,0.0
100.0,-90.0,48.8096415,7.8530641,142.29,142.29,0.0
110.0,-90.0,48.8096415,7.8532005,142.22,142.22,0.0
120.0,-90.0,48.8096415,7.8533369,142.08,142.08,0.0
130.0,-90.0,48.8096415,7.8534733,142.06,142.06,0.0
140.0,-90.0,48.8096415,7.8536097,142.16,142.16,0.0
150.0,-90.0,48.8096415,7.8537461,142.05,142.05,0.0
160.0,-90.0,48.8096415,7.8538825,142.06,142.06,0.0
170.0,-90.0,48.8096415,7.8540189,142.01,142.01,0.0
180.0,-90.0,48.8096415,7.8541553,142.01,142.01,0.0
190.0,-90.0,48.8096415,7.8542917,142.04,142.04,0.0
200.0,-90.0,48.8096415,7.8544281,142.07,142.07,0.0
210.0,-90.0,48.8096415,7.8545645,142.07,142.07,0.0
220.0,-90.0,48.8096415,7.854701,142.06,142.06,0.0
230.0,-90.0,48.8096415,7.8548374,142.0,142.0,0.0
240.0,-90.0,48.8096415,7.8549738,141.86,141.86,0.0
250.0,-90.0,48.8096415,7.8551102,141.79,141.79,0.0
260.0,-90.0,48.8096415,7.8552466,141.73,141.73,0.0
270.0,-90.0,48.8096415,7.855383,141.66,141.66,0.0
280.0,-90.0,48.8096415,7.8555194,141.57,141.57,0.0
290.0,-90.0,48.8096415,7.8556558,141.57,141.57,0.0
300.0,-90.0,48.8096415,7.8557922,141.69,141.69,0.0
-300.0,-100.0,48.8095517,7.8476078,143.35,153.1,9.75
-290.0,-100.0,48.8095517,7.8477442,143.24,155.07,11.83
-280.0,-100.0,48.8095517,7.8478806,143.28,150.01,6.72
-270.0,-100.0,48.8095517,7.848017,143.02,156.13,13.12
-260.0,-100.0,48.8095517,7.8481534,143.19,143.19,0.0
-250.0,-100.0,48.8095517,7.8482898,143.0,143.0,0.0
-240.0,-100.0,48.8095517,7.8484262,142.93,142.93,0.0
-230.0,-100.0,48.8095517,7.8485626,142.99,154.98,11.99
-220.0,-100.0,48.8095517,7.848699,142.77,157.25,14.48
-210.0,-100.0,48.8095517,7.8488355,142.86,156.79,13.93
-200.0,-100.0,48.8095517,7.8489719,142.79,154.74,11.95
-190.0,-100.0,48.8095517,7.8491083,142.79,157.85,15.06
-180.0,-100.0,48.8095517,7.8492447,142.78,151.06,8.27
-170.0,-100.0,48.8095517,7.8493811,142.76,160.32,17.56
-160.0,-100.0,48.8095517,7.8495175,142.84,142.84,0.0
-150.0,-100.0,48.8095517,7.8496539,142.79,142.79,0.0
-140.0,-100.0,48.8095517,7.8497903,142.74,154.0,11.25
-130.0,-100.0,48.8095517,7.8499267,142.99,159.73,16.74
-120.0,-100.0,48.8095517,7.8500631,142.82,151.58,8.76
-110.0,-100.0,48.8095517,7.8501995,142.74,155.1,12.36
-100.0,-100.0,48.8095517,7.8503359,142.65,155.58,12.93
-90.0,-100.0,48.8095517,7.8504723,142.64,154.79,12.15
-80.0,-100.0,48.8095517,7.8506087,142.65,154.35,11.7
-70.0,-100.0,48.8095517,7.8507452,142.84,142.84,0.0
-60.0,-100.0,48.8095517,7.8508816,142.76,142.76,0.0
-50.0,-100.0,48.8095517,7.851018,142.61,159.57,16.96
-40.0,-100.0,48.8095517,7.8511544,142.57,159.09,16.52
-30.0,-100.0,48.8095517,7.8512908,142.52,158.25,15.73
-20.0,-100.0,48.8095517,7.8514272,142.44,157.37,14.93
-10.0,-100.0,48.8095517,7.8515636,142.31,151.94,9.63
0.0,-100.0,48.8095517,7.8517,142.32,142.32,0.0
10.0,-100.0,48.8095517,7.8518364,142.28,142.28,0.0
20.0,-100.0,48.8095517,7.8519728,142.28,142.28,0.0
30.0,-100.0,48.8095517,7.8521092,142.18,142.18,0.0
40.0,-100.0,48.8095517,7.8522456,142.35,142.35,0.0
50.0,-100.0,48.8095517,7.852382,142.42,142.42,0.0
60.0,-100.0,48.8095517,7.8525184,142.4,142.4,0.0
70.0,-100.0,48.8095517,7.8526548,142.39,142.39,0.0
80.0,-100.0,48.8095517,7.8527913,142.36,142.36,0.0
90.0,-100.0,48.8095517,7.8529277,142.15,142.15,0.0
100.0,-100.0,48.8095517,7.8530641,142.18,142.18,0.0
110.0,-100.0,48.8095517,7.8532005,142.1,142.1,0.0
120.0,-100.0,48.8095517,7.8533369,142.12,142.12,0.0
130.0,-100.0,48.8095517,7.8534733,142.1,142.1,0.0
140.0,-100.0,48.8095517,7.8536097,142.26,147.02,4.76
150.0,-100.0,48.8095517,7.8537461,142.03,142.03,0.0
160.0,-100.0,48.8095517,7.8538825,142.13,142.13,0.0
170.0,-100.0,48.8095517,7.8540189,142.02,142.02,0.0
180.0,-100.0,48.8095517,7.8541553,142.05,142.05,0.0
190.0,-100.0,48.8095517,7.8542917,142.1,142.1,0.0
200.0,-100.0,48.8095517,7.8544281,142.1,142.1,0.0
210.0,-100.0,48.8095517,7.8545645,142.06,142.06,0.0
220.0,-100.0,48.8095517,7.854701,142.21,142.21,0.0
230.0,-100.0,48.8095517,7.8548374,142.01,142.01,0.0
240.0,-100.0,48.8095517,7.8549738,141.94,141.94,0.0
250.0,-100.0,48.8095517,7.8551102,141.77,141.77,0.0
260.0,-100.0,48.8095517,7.8552466,141.81,141.81,0.0
270.0,-100.0,48.8095517,7.855383,141.67,141.67,0.0
280.0,-100.0,48.8095517,7.8555194,141.68,141.68,0.0
290.0,-100.0,48.8095517,7.8556558,141.54,141.54,0.0
300.0,-100.0,48.8095517,7.8557922,141.57,141.57,0.0
-300.0,-110.0,48.8094619,7.8476078,143.26,155.42,12.16
-290.0,-110.0,48.8094619,7.8477442,143.09,152.49,9.4
-280.0,-110.0,48.8094619,7.8478806,143.1,148.55,5.45
-270.0,-110.0,48.8094619,7.848017,143.12,155.13,12.01
-260.0,-110.0,48.8094619,7.8481534,143.17,158.45,15.29
-250.0,-110.0,48.8094619,7.8482898,143.03,159.15,16.12
-240.0,-110.0,48.8094619,7.8484262,142.84,158.42,15.58
-230.0,-110.0,48.8094619,7.8485626,142.9,154.35,11.45
-220.0,-110.0,48.8094619,7.848699,142.85,157.92,15.06
-210.0,-110.0,48.8094619,7.8488355,142.71,147.4,4.68
-200.0,-110.0,48.8094619,7.8489719,142.86,152.19,9.33
-190.0,-110.0,48.8094619,7.8491083,142.98,150.28,7.3
-180.0,-110.0,48.8094619,7.8492447,142.79,142.79,0.0
-170.0,-110.0,48.8094619,7.8493811,142.8,157.29,14.49
-160.0,-110.0,48.8094619,7.8495175,142.94,159.05,16.1
-150.0,-110.0,48.8094619,7.8496539,142.88,155.13,12.25
-140.0,-110.0,48.8094619,7.8497903,142.95,150.8,7.86
-130.0,-110.0,48.8094619,7.8499267,143.09,156.48,13.39
-120.0,-110.0,48.8094619,7.8500631,142.84,154.62,11.78
-110.0,-110.0,48.8094619,7.8501995,142.95,155.86,12.91
-100.0,-110.0,48.8094619,7.8503359,142.6,142.6,0.0
-90.0,-110.0,48.8094619,7.8504723,142.58,148.3,5.72
-80.0,-110.0,48.8094619,7.8506087,142.57,142.57,0.0
-70.0,-110.0,48.8094619,7.8507452,142.78,158.86,16.08
-60.0,-110.0,48.8094619,7.8508816,142.81,157.97,15.16
-50.0,-110.0,48.8094619,7.851018,142.54,156.71,14.18
-40.0,-110.0,48.8094619,7.8511544,142.51,152.82,10.31
-30.0,-110.0,48.8094619,7.8512908,142.5,153.11,10.61
-20.0,-110.0,48.8094619,7.8514272,142.47,142.47,0.0
-10.0,-110.0,48.8094619,7.8515636,142.23,142.23,0.0
0.0,-110.0,48.8094619,7.8517,142.31,142.31,0.0
10.0,-110.0,48.8094619,7.8518364,142.24,142.24,0.0
20.0,-110.0,48.8094619,7.8519728,142.24,142.24,0.0
30.0,-110.0,48.8094619,7.8521092,142.21,142.21,0.0
40.0,-110.0,48.8094619,7.8522456,142.38,142.38,0.0
50.0,-110.0,48.8094619,7.852382,142.48,142.48,0.0
60.0,-110.0,48.8094619,7.8525184,142.38,142.38,0.0
70.0,-110.0,48.8094619,7.8526548,142.34,142.34,0.0
80.0,-110.0,48.8094619,7.8527913,142.25,142.25,0.0
90.0,-110.0,48.8094619,7.8529277,142.2,142.2,0.0
100.0,-110.0,48.8094619,7.8530641,142.21,142.21,0.0
110.0,-110.0,48.8094619,7.8532005,142.16,142.16,0.0
120.0,-110.0,48.8094619,7.8533369,142.11,142.11,0.0
130.0,-110.0,48.8094619,7.8534733,142.2,142.2,0.0
140.0,-110.0,48.8094619,7.8536097,142.11,142.11,0.0
150.0,-110.0,48.8094619,7.8537461,142.11,142.11,0.0
160.0,-110.0,48.8094619,7.8538825,142.14,142.14,0.0
170.0,-110.0,48.8094619,7.8540189,142.02,142.02,0.0
180.0,-110.0,48.8094619,7.8541553,142.01,142.01,0.0
190.0,-110.0,48.8094619,7.8542917,142.06,142.06,0.0
200.0,-110.0,48.8094619,7.8544281,141.96,141.96,0.0
210.0,-110.0,48.8094619,7.8545645,142.04,142.04,0.0
220.0,-110.0,48.8094619,7.854701,142.0,142.0,0.0
230.0,-110.0,48.8094619,7.8548374,141.93,141.93,0.0
240.0,-110.0,48.8094619,7.8549738,141.87,141.87,0.0
250.0,-110.0,48.8094619,7.8551102,141.9,141.9,0.0
260.0,-110.0,48.8094619,7.8552466,141.77,141.77,0.0
270.0,-110.0,48.8094619,7.855383,141.75,141.75,0.0
280.0,-110.0,48.8094619,7.8555194,141.71,141.71,0.0
290.0,-110.0,48.8094619,7.8556558,141.66,141.66,0.0
300.0,-110.0,48.8094619,7.8557922,141.62,141.62,0.0
-300.0,-120.0,48.809372,7.8476078,143.22,143.22,0.0
-290.0,-120.0,48.809372,7.8477442,143.22,150.53,7.32
-280.0,-120.0,48.809372,7.8478806,143.22,143.22,0.0
-270.0,-120.0,48.809372,7.848017,143.0,154.3,11.3
-260.0,-120.0,48.809372,7.8481534,142.88,155.43,12.55
-250.0,-120.0,48.809372,7.8482898,142.85,147.76,4.9
-240.0,-120.0,48.809372,7.8484262,142.92,155.81,12.89
-230.0,-120.0,48.809372,7.8485626,142.94,153.39,10.45
-220.0,-120.0,48.809372,7.848699,142.81,148.88,6.08
-210.0,-120.0,48.809372,7.8488355,142.95,142.95,0.0
-200.0,-120.0,48.809372,7.8489719,142.66,157.7,15.04
-190.0,-120.0,48.809372,7.8491083,142.73,157.78,15.05
-180.0,-120.0,48.809372,7.8492447,142.68,158.03,15.35
-170.0,-120.0,48.809372,7.8493811,142.87,159.12,16.25
-160.0,-120.0,48.809372,7.8495175,142.85,158.15,15.3
-150.0,-120.0,48.809372,7.8496539,142.3,153.45,11.14
-140.0,-120.0,48.809372,7.8497903,142.78,145.09,2.31
-130.0,-120.0,48.809372,7.8499267,143.13,157.46,14.33
-120.0,-120.0,48.809372,7.8500631,142.72,142.74,0.02
-110.0,-120.0,48.809372,7.8501995,142.51,159.92,17.4
-100.0,-120.0,48.809372,7.8503359,142.59,156.42,13.83
-90.0,-120.0,48.809372,7.8504723,142.55,159.56,17.0
-80.0,-120.0,48.809372,7.8506087,142.65,142.65,0.0
-70.0,-120.0,48.809372,7.8507452,142.6,156.39,13.79
-60.0,-120.0,48.809372,7.8508816,142.82,156.54,13.72
-50.0,-120.0,48.809372,7.851018,142.75,156.79,14.04
-40.0,-120.0,48.809372,7.8511544,142.48,142.48,0.0
-30.0,-120.0,48.809372,7.8512908,142.39,142.39,0.0
-20.0,-120.0,48.809372,7.8514272,142.49,147.16,4.68
-10.0,-120.0,48.809372,7.8515636,142.16,142.16,0.0
0.0,-120.0,48.809372,7.8517,142.28,142.28,0.0
10.0,-120.0,48.809372,7.8518364,142.32,142.32,0.0
20.0,-120.0,48.809372,7.8519728,142.26,142.26,0.0
30.0,-120.0,48.809372,7.8521092,142.24,142.24,0.0
40.0,-120.0,48.809372,7.8522456,142.36,142.36,0.0
50.0,-120.0,48.809372,7.852382,142.56,142.56,0.0
60.0,-120.0,48.809372,7.8525184,142.45,142.45,0.0
70.0,-120.0,48.809372,7.8526548,142.24,142.24,0.0
80.0,-120.0,48.809372,7.8527913,142.3,142.3,0.0
90.0,-120.0,48.809372,7.8529277,142.3,142.3,0.0
100.0,-120.0,48.809372,7.8530641,142.35,142.35,0.0
110.0,-120.0,48.809372,7.8532005,142.37,142.37,0.0
120.0,-120.0,48.809372,7.8533369,142.22,142.22,0.0
130.0,-120.0,48.809372,7.8534733,142.15,142.15,0.0
140.0,-120.0,48.809372,7.8536097,142.04,142.04,0.0
150.0,-120.0,48.809372,7.8537461,142.15,142.15,0.0
160.0,-120.0,48.809372,7.8538825,142.06,142.06,0.0
170.0,-120.0,48.809372,7.8540189,142.05,142.05,0.0
180.0,-120.0,48.809372,7.8541553,142.12,142.12,0.0
190.0,-120.0,48.809372,7.8542917,141.97,141.97,0.0
200.0,-120.0,48.809372,7.8544281,142.06,142.06,0.0
210.0,-120.0,48.809372,7.8545645,142.1,142.1,0.0
220.0,-120.0,48.809372,7.854701,141.99,141.99,0.0
230.0,-120.0,48.809372,7.8548374,141.97,141.97,0.0
240.0,-120.0,48.809372,7.8549738,141.87,141.87,0.0
250.0,-120.0,48.809372,7.8551102,141.89,141.89,0.0
260.0,-120.0,48.809372,7.8552466,141.84,141.84,0.0
270.0,-120.0,48.809372,7.855383,141.73,141.73,0.0
280.0,-120.0,48.809372,7.8555194,141.72,141.72,0.0
290.0,-120.0,48.809372,7.8556558,141.71,141.71,0.0
300.0,-120.0,48.809372,7.8557922,141.7,141.7,0.0
-300.0,-130.0,48.8092822,7.8476078,143.18,156.35,13.17
-290.0,-130.0,48.8092822,7.8477442,143.22,143.22,0.0
-280.0,-130.0,48.8092822,7.8478806,143.07,152.84,9.77
-270.0,-130.0,48.8092822,7.848017,142.98,155.15,12.17
-260.0,-130.0,48.8092822,7.8481534,142.91,156.5,13.58
-250.0,-130.0,48.8092822,7.8482898,142.86,147.37,4.51
-240.0,-130.0,48.8092822,7.8484262,142.66,142.66,0.0
-230.0,-130.0,48.8092822,7.8485626,143.17,156.29,13.12
-220.0,-130.0,48.8092822,7.848699,142.91,157.19,14.28
-210.0,-130.0,48.8092822,7.8488355,142.89,156.88,13.98
-200.0,-130.0,48.8092822,7.8489719,142.84,158.78,15.95
-190.0,-130.0,48.8092822,7.8491083,142.71,152.8,10.1
-180.0,-130.0,48.8092822,7.8492447,142.81,156.09,13.28
-170.0,-130.0,48.8092822,7.8493811,142.72,142.72,0.0
-160.0,-130.0,48.8092822,7.8495175,142.75,142.75,0.0
-150.0,-130.0,48.8092822,7.8496539,142.88,158.07,15.19
-140.0,-130.0,48.8092822,7.8497903,143.04,158.84,15.8
-130.0,-130.0,48.8092822,7.8499267,143.27,147.54,4.27
-120.0,-130.0,48.8092822,7.8500631,142.79,159.56,16.78
-110.0,-130.0,48.8092822,7.8501995,142.79,157.07,14.28
-100.0,-130.0,48.8092822,7.8503359,142.62,156.27,13.65
-90.0,-130.0,48.8092822,7.8504723,142.58,156.07,13.48
-80.0,-130.0,48.8092822,7.8506087,142.55,158.56,16.01
-70.0,-130.0,48.8092822,7.8507452,142.62,159.97,17.35
-60.0,-130.0,48.8092822,7.8508816,142.67,159.14,16.47
-50.0,-130.0,48.8092822,7.851018,142.52,155.62,13.1
-40.0,-130.0,48.8092822,7.8511544,142.48,150.61,8.13
-30.0,-130.0,48.8092822,7.8512908,142.43,156.85,14.43
-20.0,-130.0,48.8092822,7.8514272,142.48,156.19,13.71
-10.0,-130.0,48.8092822,7.8515636,142.16,142.16,0.0
0.0,-130.0,48.8092822,7.8517,142.27,142.27,0.0
10.0,-130.0,48.8092822,7.8518364,142.27,142.27,0.0
20.0,-130.0,48.8092822,7.8519728,142.24,142.24,0.0
30.0,-130.0,48.8092822,7.8521092,142.2,142.2,0.0
40.0,-130.0,48.8092822,7.8522456,142.42,142.42,0.0
50.0,-130.0,48.8092822,7.852382,142.38,142.38,0.0
60.0,-130.0,48.8092822,7.8525184,142.26,142.26,0.0
70.0,-130.0,48.8092822,7.8526548,142.29,142.29,0.0
80.0,-130.0,48.8092822,7.8527913,142.41,142.41,0.0
90.0,-130.0,48.8092822,7.8529277,142.34,142.34,0.0
100.0,-130.0,48.8092822,7.8530641,142.29,142.29,0.0
110.0,-130.0,48.8092822,7.8532005,142.27,142.27,0.0
120.0,-130.0,48.8092822,7.8533369,142.32,142.32,0.0
130.0,-130.0,48.8092822,7.8534733,142.27,142.27,0.0
140.0,-130.0,48.8092822,7.8536097,142.1,142.1,0.0
150.0,-130.0,48.8092822,7.8537461,142.09,142.09,0.0
160.0,-130.0,48.8092822,7.8538825,142.06,142.06,0.0
170.0,-130.0,48.8092822,7.8540189,142.0,142.0,0.0
180.0,-130.0,48.8092822,7.8541553,142.05,142.05,0.0
190.0,-130.0,48.8092822,7.8542917,142.01,142.01,0.0
200.0,-130.0,48.8092822,7.8544281,141.93,141.93,0.0
210.0,-130.0,48.8092822,7.8545645,141.91,141.91,0.0
220.0,-130.0,48.8092822,7.854701,141.96,141.96,0.0
230.0,-130.0,48.8092822,7.8548374,141.87,141.87,0.0
240.0,-130.0,48.8092822,7.8549738,141.91,141.91,0.0
250.0,-130.0,48.8092822,7.8551102,141.86,141.86,0.0
260.0,-130.0,48.8092822,7.8552466,141.8,141.8,0.0
270.0,-130.0,48.8092822,7.855383,141.8,141.8,0.0
280.0,-130.0,48.8092822,7.8555194,141.87,141.87,0.0
290.0,-130.0,48.8092822,7.8556558,141.79,141.79,0.0
300.0,-130.0,48.8092822,7.8557922,141.84,141.84,0.0
-300.0,-140.0,48.8091924,7.8476078,143.19,152.53,9.34
-290.0,-140.0,48.8091924,7.8477442,143.05,154.35,11.3
-280.0,-140.0,48.8091924,7.8478806,143.09,143.09,0.0
-270.0,-140.0,48.8091924,7.848017,142.97,150.13,7.16
-260.0,-140.0,48.8091924,7.8481534,142.96,155.64,12.68
-250.0,-140.0,48.8091924,7.8482898,142.92,156.24,13.32
-240.0,-140.0,48.8091924,7.8484262,142.81,154.6,11.79
-230.0,-140.0,48.8091924,7.8485626,142.82,155.02,12.19
-220.0,-140.0,48.8091924,7.848699,142.81,153.01,10.2
-210.0,-140.0,48.8091924,7.8488355,142.88,142.88,0.0
-200.0,-140.0,48.8091924,7.8489719,142.83,158.32,15.49
-190.0,-140.0,48.8091924,7.8491083,142.88,147.96,5.08
-180.0,-140.0,48.8091924,7.8492447,142.74,157.97,15.23
-170.0,-140.0,48.8091924,7.8493811,142.75,157.68,14.93
-160.0,-140.0,48.8091924,7.8495175,142.75,156.21,13.46
-150.0,-140.0,48.8091924,7.8496539,142.85,154.91,12.06
-140.0,-140.0,48.8091924,7.8497903,142.92,160.16,17.23
-130.0,-140.0,48.8091924,7.8499267,142.96,160.56,17.6
-120.0,-140.0,48.8091924,7.8500631,142.71,157.6,14.89
-110.0,-140.0,48.8091924,7.8501995,142.54,142.54,0.0
-100.0,-140.0,48.8091924,7.8503359,142.64,157.21,14.57
-90.0,-140.0,48.8091924,7.8504723,142.53,155.52,12.98
-80.0,-140.0,48.8091924,7.8506087,142.6,158.19,15.59
-70.0,-140.0,48.8091924,7.8507452,142.77,155.25,12.48
-60.0,-140.0,48.8091924,7.8508816,142.62,151.95,9.33
-50.0,-140.0,48.8091924,7.851018,142.51,142.51,0.0
-40.0,-140.0,48.8091924,7.8511544,142.38,142.38,0.0
-30.0,-140.0,48.8091924,7.8512908,142.44,145.1,2.66
-20.0,-140.0,48.8091924,7.8514272,142.41,154.28,11.87
-10.0,-140.0,48.8091924,7.8515636,142.18,142.18,0.0
0.0,-140.0,48.8091924,7.8517,142.3,142.3,0.0
10.0,-140.0,48.8091924,7.8518364,142.21,142.21,0.0
20.0,-140.0,48.8091924,7.8519728,142.22,142.22,0.0
30.0,-140.0,48.8091924,7.8521092,142.19,142.19,0.0
40.0,-140.0,48.8091924,7.8522456,142.48,142.48,0.0
50.0,-140.0,48.8091924,7.852382,142.39,142.39,0.0
60.0,-140.0,48.8091924,7.8525184,142.32,142.32,0.0
70.0,-140.0,48.8091924,7.8526548,142.28,142.28,0.0
80.0,-140.0,48.8091924,7.8527913,142.3,142.3,0.0
90.0,-140.0,48.8091924,7.8529277,142.35,142.35,0.0
100.0,-140.0,48.8091924,7.8530641,142.4,142.4,0.0
110.0,-140.0,48.8091924,7.8532005,142.55,142.55,0.0
120.0,-140.0,48.8091924,7.8533369,142.33,147.01,4.68
130.0,-140.0,48.8091924,7.8534733,142.26,142.26,0.0
140.0,-140.0,48.8091924,7.8536097,142.14,142.14,0.0
150.0,-140.0,48.8091924,7.8537461,142.09,142.09,0.0
160.0,-140.0,48.8091924,7.8538825,142.13,142.13,0.0
170.0,-140.0,48.8091924,7.8540189,142.07,142.07,0.0
180.0,-140.0,48.8091924,7.8541553,142.04,142.04,0.0
190.0,-140.0,48.8091924,7.8542917,141.99,141.99,0.0
200.0,-140.0,48.8091924,7.8544281,141.94,141.94,0.0
210.0,-140.0,48.8091924,7.8545645,141.99,141.99,0.0
220.0,-140.0,48.8091924,7.854701,141.91,141.91,0.0
230.0,-140.0,48.8091924,7.8548374,142.04,142.04,0.0
240.0,-140.0,48.8091924,7.8549738,142.06,142.06,0.0
250.0,-140.0,48.8091924,7.8551102,141.95,141.95,0.0
260.0,-140.0,48.8091924,7.8552466,141.86,141.86,0.0
270.0,-140.0,48.8091924,7.855383,141.84,141.84,0.0
280.0,-140.0,48.8091924,7.8555194,141.83,141.83,0.0
290.0,-140.0,48.8091924,7.8556558,141.92,141.92,0.0
300.0,-140.0,48.8091924,7.8557922,141.76,141.76,0.0
-300.0,-150.0,48.8091025,7.8476078,143.19,152.19,9.01
-290.0,-150.0,48.8091025,7.8477442,143.13,151.3,8.17
-280.0,-150.0,48.8091025,7.8478806,142.99,151.75,8.76
-270.0,-150.0,48.8091025,7.848017,142.92,155.7,12.78
-260.0,-150.0,48.8091025,7.8481534,142.83,152.75,9.91
-250.0,-150.0,48.8091025,7.8482898,142.96,151.24,8.28
-240.0,-150.0,48.8091025,7.8484262,142.93,155.37,12.44
-230.0,-150.0,48.8091025,7.8485626,142.92,155.04,12.12
-220.0,-150.0,48.8091025,7.848699,142.93,142.93,0.0
-210.0,-150.0,48.8091025,7.8488355,142.92,156.8,13.88
-200.0,-150.0,48.8091025,7.8489719,142.69,156.17,13.47
-190.0,-150.0,48.8091025,7.8491083,142.81,155.86,13.05
-180.0,-150.0,48.8091025,7.8492447,142.82,142.82,0.0
-170.0,-150.0,48.8091025,7.8493811,142.73,142.73,0.0
-160.0,-150.0,48.8091025,7.8495175,142.79,150.83,8.04
-150.0,-150.0,48.8091025,7.8496539,142.9,142.9,0.0
-140.0,-150.0,48.8091025,7.8497903,142.92,148.42,5.49
-130.0,-150.0,48.8091025,7.8499267,142.83,142.83,0.0
-120.0,-150.0,48.8091025,7.8500631,142.63,156.9,14.28
-110.0,-150.0,48.8091025,7.8501995,142.69,155.16,12.48
-100.0,-150.0,48.8091025,7.8503359,142.53,142.53,0.0
-90.0,-150.0,48.8091025,7.8504723,142.69,142.69,0.0
-80.0,-150.0,48.8091025,7.8506087,142.6,143.53,0.92
-70.0,-150.0,48.8091025,7.8507452,142.56,142.56,0.0
-60.0,-150.0,48.8091025,7.8508816,142.48,142.48,0.0
-50.0,-150.0,48.8091025,7.851018,142.44,147.49,5.05
-40.0,-150.0,48.8091025,7.8511544,142.41,150.88,8.47
-30.0,-150.0,48.8091025,7.8512908,142.41,156.67,14.26
-20.0,-150.0,48.8091025,7.8514272,142.32,155.28,12.96
-10.0,-150.0,48.8091025,7.8515636,142.18,142.18,0.0
0.0,-150.0,48.8091025,7.8517,142.22,142.22,0.0
10.0,-150.0,48.8091025,7.8518364,142.24,142.24,0.0
20.0,-150.0,48.8091025,7.8519728,142.21,142.21,0.0
30.0,-150.0,48.8091025,7.8521092,142.2,142.2,0.0
40.0,-150.0,48.8091025,7.8522456,142.39,146.58,4.19
50.0,-150.0,48.8091025,7.852382,142.41,142.41,0.0
60.0,-150.0,48.8091025,7.8525184,142.43,142.43,0.0
70.0,-150.0,48.8091025,7.8526548,142.25,142.25,0.0
80.0,-150.0,48.8091025,7.8527913,142.2,142.2,0.0
90.0,-150.0,48.8091025,7.8529277,142.2,142.2,0.0
100.0,-150.0,48.8091025,7.8530641,142.24,144.35,2.12
110.0,-150.0,48.8091025,7.8532005,142.52,150.61,8.09
120.0,-150.0,48.8091025,7.8533369,142.28,144.19,1.91
130.0,-150.0,48.8091025,7.8534733,142.23,142.23,0.0
140.0,-150.0,48.8091025,7.8536097,142.14,142.14,0.0
150.0,-150.0,48.8091025,7.8537461,142.09,142.09,0.0
160.0,-150.0,48.8091025,7.8538825,142.08,142.08,0.0
170.0,-150.0,48.8091025,7.8540189,142.06,142.06,0.0
180.0,-150.0,48.8091025,7.8541553,142.09,142.09,0.0
190.0,-150.0,48.8091025,7.8542917,142.07,142.32,0.24
200.0,-150.0,48.8091025,7.8544281,142.16,142.16,0.0
210.0,-150.0,48.8091025,7.8545645,142.05,142.05,0.0
220.0,-150.0,48.8091025,7.854701,142.0,142.0,0.0
230.0,-150.0,48.8091025,7.8548374,141.99,141.99,0.0
240.0,-150.0,48.8091025,7.8549738,142.0,142.0,0.0
250.0,-150.0,48.8091025,7.8551102,141.85,141.85,0.0
260.0,-150.0,48.8091025,7.8552466,141.87,142.28,0.4
270.0,-150.0,48.8091025,7.855383,141.88,147.02,5.14
280.0,-150.0,48.8091025,7.8555194,141.91,141.91,0.0
290.0,-150.0,48.8091025,7.8556558,141.88,141.88,0.0
300.0,-150.0,48.8091025,7.8557922,141.88,141.88,0.0
-300.0,-160.0,48.8090127,7.8476078,143.2,153.2,9.99
-290.0,-160.0,48.8090127,7.8477442,143.02,157.2,14.18
-280.0,-160.0,48.8090127,7.8478806,143.04,148.99,5.95
-270.0,-160.0,48.8090127,7.848017,143.01,154.69,11.68
-260.0,-160.0,48.8090127,7.8481534,142.96,142.96,0.0
-250.0,-160.0,48.8090127,7.8482898,142.92,142.92,0.0
-240.0,-160.0,48.8090127,7.8484262,143.05,146.63,3.59
-230.0,-160.0,48.8090127,7.8485626,143.01,145.1,2.09
-220.0,-160.0,48.8090127,7.848699,142.75,154.28,11.52
-210.0,-160.0,48.8090127,7.8488355,142.82,157.87,15.05
-200.0,-160.0,48.8090127,7.8489719,142.8,156.93,14.13
-190.0,-160.0,48.8090127,7.8491083,142.85,142.85,0.0
-180.0,-160.0,48.8090127,7.8492447,142.79,157.39,14.61
-170.0,-160.0,48.8090127,7.8493811,142.8,157.25,14.44
-160.0,-160.0,48.8090127,7.8495175,142.7,142.7,0.0
-150.0,-160.0,48.8090127,7.8496539,142.97,151.0,8.03
-140.0,-160.0,48.8090127,7.8497903,142.95,142.95,0.0
-130.0,-160.0,48.8090127,7.8499267,142.83,151.55,8.72
-120.0,-160.0,48.8090127,7.8500631,142.62,147.59,4.96
-110.0,-160.0,48.8090127,7.8501995,142.62,143.26,0.64
-100.0,-160.0,48.8090127,7.8503359,142.58,142.58,0.0
-90.0,-160.0,48.8090127,7.8504723,142.56,149.0,6.44
-80.0,-160.0,48.8090127,7.8506087,142.53,146.13,3.6
-70.0,-160.0,48.8090127,7.8507452,142.54,154.94,12.4
-60.0,-160.0,48.8090127,7.8508816,142.47,156.46,13.99
-50.0,-160.0,48.8090127,7.851018,142.54,157.39,14.85
-40.0,-160.0,48.8090127,7.8511544,142.48,158.49,16.01
-30.0,-160.0,48.8090127,7.8512908,142.43,158.92,16.49
-20.0,-160.0,48.8090127,7.8514272,142.4,151.83,9.43
-10.0,-160.0,48.8090127,7.8515636,142.25,142.25,0.0
0.0,-160.0,48.8090127,7.8517,142.25,142.25,0.0
10.0,-160.0,48.8090127,7.8518364,142.23,142.23,0.0
20.0,-160.0,48.8090127,7.8519728,142.24,142.24,0.0
30.0,-160.0,48.8090127,7.8521092,142.21,142.21,0.0
40.0,-160.0,48.8090127,7.8522456,142.61,150.46,7.86
50.0,-160.0,48.8090127,7.852382,142.42,144.92,2.5
60.0,-160.0,48.8090127,7.8525184,142.4,142.4,0.0
70.0,-160.0,48.8090127,7.8526548,142.25,142.25,0.0
80.0,-160.0,48.8090127,7.8527913,142.21,142.21,0.0
90.0,-160.0,48.8090127,7.8529277,142.18,142.18,0.0
100.0,-160.0,48.8090127,7.8530641,142.23,142.23,0.0
110.0,-160.0,48.8090127,7.8532005,142.06,150.39,8.33
120.0,-160.0,48.8090127,7.8533369,142.33,149.29,6.96
130.0,-160.0,48.8090127,7.8534733,142.25,142.25,0.0
140.0,-160.0,48.8090127,7.8536097,142.21,142.21,0.0
150.0,-160.0,48.8090127,7.8537461,142.16,142.16,0.0
160.0,-160.0,48.8090127,7.8538825,142.17,142.17,0.0
170.0,-160.0,48.8090127,7.8540189,142.15,142.15,0.0
180.0,-160.0,48.8090127,7.8541553,142.34,142.34,0.0
190.0,-160.0,48.8090127,7.8542917,142.13,142.13,0.0
200.0,-160.0,48.8090127,7.8544281,142.09,142.09,0.0
210.0,-160.0,48.8090127,7.8545645,142.14,145.34,3.2
220.0,-160.0,48.8090127,7.854701,142.01,142.01,0.0
230.0,-160.0,48.8090127,7.8548374,141.98,141.98,0.0
240.0,-160.0,48.8090127,7.8549738,141.97,141.97,0.0
250.0,-160.0,48.8090127,7.8551102,141.86,141.86,0.0
260.0,-160.0,48.8090127,7.8552466,141.8,141.8,0.0
270.0,-160.0,48.8090127,7.855383,141.84,141.84,0.0
280.0,-160.0,48.8090127,7.8555194,141.85,141.85,0.0
290.0,-160.0,48.8090127,7.8556558,141.87,141.87,0.0
300.0,-160.0,48.8090127,7.8557922,142.04,142.04,0.0
-300.0,-170.0,48.8089229,7.8476078,143.28,156.38,13.1
-290.0,-170.0,48.8089229,7.8477442,142.99,142.99,0.0
-280.0,-170.0,48.8089229,7.8478806,142.87,155.74,12.87
-270.0,-170.0,48.8089229,7.848017,142.92,156.08,13.16
-260.0,-170.0,48.8089229,7.8481534,143.14,157.59,14.46
-250.0,-170.0,48.8089229,7.8482898,142.95,149.71,6.76
-240.0,-170.0,48.8089229,7.8484262,142.88,156.39,13.51
-230.0,-170.0,48.8089229,7.8485626,142.91,156.53,13.62
-220.0,-170.0,48.8089229,7.848699,142.9,152.81,9.91
-210.0,-170.0,48.8089229,7.8488355,142.84,155.29,12.46
-200.0,-170.0,48.8089229,7.8489719,142.77,147.24,4.47
-190.0,-170.0,48.8089229,7.8491083,142.76,142.76,0.0
-180.0,-170.0,48.8089229,7.8492447,142.78,144.52,1.74
-170.0,-170.0,48.8089229,7.8493811,142.95,153.57,10.62
-160.0,-170.0,48.8089229,7.8495175,142.69,153.46,10.77
-150.0,-170.0,48.8089229,7.8496539,142.69,153.78,11.1
-140.0,-170.0,48.8089229,7.8497903,143.11,153.08,9.97
-130.0,-170.0,48.8089229,7.8499267,142.7,142.7,0.0
-120.0,-170.0,48.8089229,7.8500631,142.57,142.57,0.0
-110.0,-170.0,48.8089229,7.8501995,142.49,158.8,16.3
-100.0,-170.0,48.8089229,7.8503359,142.59,142.59,0.0
-90.0,-170.0,48.8089229,7.8504723,142.68,147.42,4.74
-80.0,-170.0,48.8089229,7.8506087,142.6,157.75,15.16
-70.0,-170.0,48.8089229,7.8507452,142.57,152.53,9.96
-60.0,-170.0,48.8089229,7.8508816,142.53,146.11,3.59
-50.0,-170.0,48.8089229,7.851018,142.51,154.35,11.84
-40.0,-170.0,48.8089229,7.8511544,142.42,142.42,0.0
-30.0,-170.0,48.8089229,7.8512908,142.38,158.22,15.84
-20.0,-170.0,48.8089229,7.8514272,142.4,156.69,14.29
-10.0,-170.0,48.8089229,7.8515636,142.21,142.21,0.0
0.0,-170.0,48.8089229,7.8517,142.22,142.22,0.0
10.0,-170.0,48.8089229,7.8518364,142.23,142.23,0.0
20.0,-170.0,48.8089229,7.8519728,142.23,142.23,0.0
30.0,-170.0,48.8089229,7.8521092,142.2,142.2,0.0
40.0,-170.0,48.8089229,7.8522456,142.25,142.25,0.0
50.0,-170.0,48.8089229,7.852382,142.26,147.02,4.76
60.0,-170.0,48.8089229,7.8525184,142.21,142.21,0.0
70.0,-170.0,48.8089229,7.8526548,142.16,142.16,0.0
80.0,-170.0,48.8089229,7.8527913,142.19,142.19,0.0
90.0,-170.0,48.8089229,7.8529277,142.2,142.2,0.0
100.0,-170.0,48.8089229,7.8530641,142.24,142.24,0.0
110.0,-170.0,48.8089229,7.8532005,142.19,142.19,0.0
120.0,-170.0,48.8089229,7.8533369,142.28,142.28,0.0
130.0,-170.0,48.8089229,7.8534733,142.2,142.2,0.0
140.0,-170.0,48.8089229,7.8536097,142.33,142.33,0.0
150.0,-170.0,48.8089229,7.8537461,142.27,142.27,0.0
160.0,-170.0,48.8089229,7.8538825,142.47,142.47,0.0
170.0,-170.0,48.8089229,7.8540189,142.39,142.39,0.0
180.0,-170.0,48.8089229,7.8541553,142.42,142.42,0.0
190.0,-170.0,48.8089229,7.8542917,142.19,142.19,0.0
200.0,-170.0,48.8089229,7.8544281,142.24,142.24,0.0
210.0,-170.0,48.8089229,7.8545645,142.1,142.1,0.0
220.0,-170.0,48.8089229,7.854701,142.11,142.11,0.0
230.0,-170.0,48.8089229,7.8548374,142.14,143.53,1.39
240.0,-170.0,48.8089229,7.8549738,142.0,142.0,0.0
250.0,-170.0,48.8089229,7.8551102,141.97,144.85,2.88
260.0,-170.0,48.8089229,7.8552466,141.94,141.94,0.0
270.0,-170.0,48.8089229,7.855383,141.94,141.94,0.0
280.0,-170.0,48.8089229,7.8555194,141.88,141.88,0.0
290.0,-170.0,48.8089229,7.8556558,141.96,141.96,0.0
300.0,-170.0,48.8089229,7.8557922,141.98,141.98,0.0
-300.0,-180.0,48.808833,7.8476078,143.14,151.66,8.52
-290.0,-180.0,48.808833,7.8477442,143.19,149.67,6.48
-280.0,-180.0,48.808833,7.8478806,143.15,154.81,11.65
-270.0,-180.0,48.808833,7.848017,143.22,150.47,7.25
-260.0,-180.0,48.808833,7.8481534,143.1,143.1,0.0
-250.0,-180.0,48.808833,7.8482898,142.95,142.95,0.0
-240.0,-180.0,48.808833,7.8484262,142.92,147.02,4.1
-230.0,-180.0,48.808833,7.8485626,142.79,154.27,11.48
-220.0,-180.0,48.808833,7.848699,143.1,143.1,0.0
-210.0,-180.0,48.808833,7.8488355,142.9,155.2,12.29
-200.0,-180.0,48.808833,7.8489719,142.78,147.91,5.13
-190.0,-180.0,48.808833,7.8491083,142.84,149.63,6.78
-180.0,-180.0,48.808833,7.8492447,142.8,159.63,16.83
-170.0,-180.0,48.808833,7.8493811,142.85,159.12,16.27
-160.0,-180.0,48.808833,7.8495175,142.71,156.77,14.06
-150.0,-180.0,48.808833,7.8496539,142.73,159.6,16.87
-140.0,-180.0,48.808833,7.8497903,142.98,151.51,8.52
-130.0,-180.0,48.808833,7.8499267,142.76,153.86,11.1
-120.0,-180.0,48.808833,7.8500631,142.61,151.97,9.36
-110.0,-180.0,48.808833,7.8501995,142.6,142.6,0.0
-100.0,-180.0,48.808833,7.8503359,142.5,159.48,16.98
-90.0,-180.0,48.808833,7.8504723,142.53,142.52,-0.01
-80.0,-180.0,48.808833,7.8506087,142.51,157.99,15.48
-70.0,-180.0,48.808833,7.8507452,142.53,155.71,13.18
-60.0,-180.0,48.808833,7.8508816,142.48,156.94,14.46
-50.0,-180.0,48.808833,7.851018,142.47,155.67,13.2
-40.0,-180.0,48.808833,7.8511544,142.43,158.15,15.72
-30.0,-180.0,48.808833,7.8512908,142.36,155.17,12.81
-20.0,-180.0,48.808833,7.8514272,142.36,153.8,11.44
-10.0,-180.0,48.808833,7.8515636,142.27,142.27,0.0
0.0,-180.0,48.808833,7.8517,142.25,142.25,0.0
10.0,-180.0,48.808833,7.8518364,142.23,142.23,0.0
20.0,-180.0,48.808833,7.8519728,142.27,142.27,0.0
30.0,-180.0,48.808833,7.8521092,142.22,142.22,0.0
40.0,-180.0,48.808833,7.8522456,142.44,142.44,0.0
50.0,-180.0,48.808833,7.852382,142.29,142.29,0.0
60.0,-180.0,48.808833,7.8525184,142.28,142.28,0.0
70.0,-180.0,48.808833,7.8526548,142.25,142.25,0.0
80.0,-180.0,48.808833,7.8527913,142.18,142.18,0.0
90.0,-180.0,48.808833,7.8529277,142.15,142.15,0.0
100.0,-180.0,48.808833,7.8530641,142.13,142.13,0.0
110.0,-180.0,48.808833,7.8532005,142.22,142.22,0.0
120.0,-180.0,48.808833,7.8533369,142.23,142.23,0.0
130.0,-180.0,48.808833,7.8534733,142.29,142.29,0.0
140.0,-180.0,48.808833,7.8536097,142.25,142.25,0.0
150.0,-180.0,48.808833,7.8537461,142.32,142.32,0.0
160.0,-180.0,48.808833,7.8538825,142.48,142.48,0.0
170.0,-180.0,48.808833,7.8540189,142.48,147.04,4.56
180.0,-180.0,48.808833,7.8541553,142.46,142.46,0.0
190.0,-180.0,48.808833,7.8542917,142.26,142.26,0.0
200.0,-180.0,48.808833,7.8544281,142.21,142.21,0.0
210.0,-180.0,48.808833,7.8545645,142.25,142.25,0.0
220.0,-180.0,48.808833,7.854701,142.13,142.13,0.0
230.0,-180.0,48.808833,7.8548374,142.09,142.09,0.0
240.0,-180.0,48.808833,7.8549738,142.08,142.08,0.0
250.0,-180.0,48.808833,7.8551102,142.22,142.26,0.04
260.0,-180.0,48.808833,7.8552466,142.03,142.03,0.0
270.0,-180.0,48.808833,7.855383,142.09,142.09,0.0
280.0,-180.0,48.808833,7.8555194,142.0,142.0,0.0
290.0,-180.0,48.808833,7.8556558,142.0,142.0,0.0
300.0,-180.0,48.808833,7.8557922,141.94,141.94,0.0
-300.0,-190.0,48.8087432,7.8476078,143.16,153.3,10.14
-290.0,-190.0,48.8087432,7.8477442,143.22,158.62,15.4
-280.0,-190.0,48.8087432,7.8478806,143.03,143.03,0.0
-270.0,-190.0,48.8087432,7.848017,142.97,142.97,0.0
-260.0,-190.0,48.8087432,7.8481534,142.72,147.93,5.2
-250.0,-190.0,48.8087432,7.8482898,143.06,143.06,0.0
-240.0,-190.0,48.8087432,7.8484262,142.92,155.23,12.31
-230.0,-190.0,48.8087432,7.8485626,142.92,156.53,13.61
-220.0,-190.0,48.8087432,7.848699,142.82,149.87,7.05
-210.0,-190.0,48.8087432,7.8488355,142.77,155.96,13.19
-200.0,-190.0,48.8087432,7.8489719,142.62,156.78,14.16
-190.0,-190.0,48.8087432,7.8491083,142.76,142.76,0.0
-180.0,-190.0,48.8087432,7.8492447,142.73,152.42,9.69
-170.0,-190.0,48.8087432,7.8493811,142.69,149.81,7.12
-160.0,-190.0,48.8087432,7.8495175,142.77,155.99,13.23
-150.0,-190.0,48.8087432,7.8496539,142.96,154.77,11.81
-140.0,-190.0,48.8087432,7.8497903,143.13,148.93,5.79
-130.0,-190.0,48.8087432,7.8499267,142.65,156.03,13.38
-120.0,-190.0,48.8087432,7.8500631,142.57,149.4,6.83
-110.0,-190.0,48.8087432,7.8501995,142.49,143.91,1.41
-100.0,-190.0,48.8087432,7.8503359,142.53,142.53,0.0
-90.0,-190.0,48.8087432,7.8504723,142.52,155.18,12.66
-80.0,-190.0,48.8087432,7.8506087,142.54,158.1,15.56
-70.0,-190.0,48.8087432,7.8507452,142.46,149.01,6.55
-60.0,-190.0,48.8087432,7.8508816,142.44,157.4,14.96
-50.0,-190.0,48.8087432,7.851018,142.42,157.9,15.49
-40.0,-190.0,48.8087432,7.8511544,142.39,155.65,13.27
-30.0,-190.0,48.8087432,7.8512908,142.29,142.33,0.04
-20.0,-190.0,48.8087432,7.8514272,142.22,152.36,10.14
-10.0,-190.0,48.8087432,7.8515636,142.23,142.23,0.0
0.0,-190.0,48.8087432,7.8517,142.25,142.25,0.0
10.0,-190.0,48.8087432,7.8518364,142.28,142.28,0.0
20.0,-190.0,48.8087432,7.8519728,142.28,142.28,0.0
30.0,-190.0,48.8087432,7.8521092,142.23,142.23,0.0
40.0,-190.0,48.8087432,7.8522456,142.44,142.48,0.05
50.0,-190.0,48.8087432,7.852382,142.37,142.37,0.0
60.0,-190.0,48.8087432,7.8525184,142.34,142.34,0.0
70.0,-190.0,48.8087432,7.8526548,142.24,142.24,0.0
80.0,-190.0,48.8087432,7.8527913,142.24,142.24,0.0
90.0,-190.0,48.8087432,7.8529277,142.16,142.16,0.0
100.0,-190.0,48.8087432,7.8530641,142.2,142.2,0.0
110.0,-190.0,48.8087432,7.8532005,142.13,142.13,0.0
120.0,-190.0,48.8087432,7.8533369,142.16,142.16,0.0
130.0,-190.0,48.8087432,7.8534733,142.28,142.28,0.0
140.0,-190.0,48.8087432,7.8536097,142.24,142.24,0.0
150.0,-190.0,48.8087432,7.8537461,142.22,142.22,0.0
160.0,-190.0,48.8087432,7.8538825,142.28,142.28,0.0
170.0,-190.0,48.8087432,7.8540189,142.33,142.33,0.0
180.0,-190.0,48.8087432,7.8541553,142.42,145.03,2.61
190.0,-190.0,48.8087432,7.8542917,142.39,142.39,0.0
200.0,-190.0,48.8087432,7.8544281,142.3,142.3,0.0
210.0,-190.0,48.8087432,7.8545645,142.19,142.19,0.0
220.0,-190.0,48.8087432,7.854701,142.12,142.12,0.0
230.0,-190.0,48.8087432,7.8548374,142.19,142.19,0.0
240.0,-190.0,48.8087432,7.8549738,142.15,142.15,0.0
250.0,-190.0,48.8087432,7.8551102,142.14,142.14,0.0
260.0,-190.0,48.8087432,7.8552466,142.07,142.07,0.0
270.0,-190.0,48.8087432,7.855383,142.05,142.05,0.0
280.0,-190.0,48.8087432,7.8555194,142.05,142.05,0.0
290.0,-190.0,48.8087432,7.8556558,141.99,143.63,1.64
300.0,-190.0,48.8087432,7.8557922,142.01,142.01,0.0
-300.0,-200.0,48.8086534,7.8476078,143.12,143.12,0.0
-290.0,-200.0,48.8086534,7.8477442,142.92,142.92,0.0
-280.0,-200.0,48.8086534,7.8478806,143.02,145.6,2.59
-270.0,-200.0,48.8086534,7.848017,143.11,156.31,13.2
-260.0,-200.0,48.8086534,7.8481534,142.98,157.71,14.73
-250.0,-200.0,48.8086534,7.8482898,142.92,155.27,12.36
-240.0,-200.0,48.8086534,7.8484262,142.96,151.78,8.82
-230.0,-200.0,48.8086534,7.8485626,142.83,148.75,5.91
-220.0,-200.0,48.8086534,7.848699,142.76,142.76,0.0
-210.0,-200.0,48.8086534,7.8488355,142.9,150.26,7.36
-200.0,-200.0,48.8086534,7.8489719,142.77,149.08,6.31
-190.0,-200.0,48.8086534,7.8491083,142.86,148.82,5.97
-180.0,-200.0,48.8086534,7.8492447,142.77,157.74,14.97
-170.0,-200.0,48.8086534,7.8493811,142.78,156.9,14.11
-160.0,-200.0,48.8086534,7.8495175,142.7,153.39,10.69
-150.0,-200.0,48.8086534,7.8496539,143.18,156.02,12.84
-140.0,-200.0,48.8086534,7.8497903,143.0,143.0,0.0
-130.0,-200.0,48.8086534,7.8499267,142.69,142.69,0.0
-120.0,-200.0,48.8086534,7.8500631,142.65,148.45,5.8
-110.0,-200.0,48.8086534,7.8501995,142.51,153.08,10.57
-100.0,-200.0,48.8086534,7.8503359,142.45,155.76,13.31
-90.0,-200.0,48.8086534,7.8504723,142.57,149.65,7.08
-80.0,-200.0,48.8086534,7.8506087,142.6,142.6,0.0
-70.0,-200.0,48.8086534,7.8507452,142.45,154.57,12.12
-60.0,-200.0,48.8086534,7.8508816,142.42,151.09,8.67
-50.0,-200.0,48.8086534,7.851018,142.49,157.22,14.73
-40.0,-200.0,48.8086534,7.8511544,142.42,156.04,13.61
-30.0,-200.0,48.8086534,7.8512908,142.46,155.92,13.47
-20.0,-200.0,48.8086534,7.8514272,142.13,152.41,10.28
-10.0,-200.0,48.8086534,7.8515636,142.27,142.27,0.0
0.0,-200.0,48.8086534,7.8517,142.23,142.23,0.0
10.0,-200.0,48.8086534,7.8518364,142.24,142.24,0.0
20.0,-200.0,48.8086534,7.8519728,142.28,142.28,0.0
30.0,-200.0,48.8086534,7.8521092,142.29,142.29,0.0
40.0,-200.0,48.8086534,7.8522456,142.5,142.5,0.0
50.0,-200.0,48.8086534,7.852382,142.34,142.34,0.0
60.0,-200.0,48.8086534,7.8525184,142.24,142.24,0.0
70.0,-200.0,48.8086534,7.8526548,142.28,142.28,0.0
80.0,-200.0,48.8086534,7.8527913,142.19,142.19,0.0
90.0,-200.0,48.8086534,7.8529277,142.25,142.25,0.0
100.0,-200.0,48.8086534,7.8530641,142.11,142.11,0.0
110.0,-200.0,48.8086534,7.8532005,142.19,142.19,0.0
120.0,-200.0,48.8086534,7.8533369,142.15,142.15,0.0
130.0,-200.0,48.8086534,7.8534733,142.17,142.17,0.0
140.0,-200.0,48.8086534,7.8536097,142.2,142.2,0.0
150.0,-200.0,48.8086534,7.8537461,142.23,142.23,0.0
160.0,-200.0,48.8086534,7.8538825,142.18,142.18,0.0
170.0,-200.0,48.8086534,7.8540189,142.34,142.34,0.0
180.0,-200.0,48.8086534,7.8541553,142.39,142.39,0.0
190.0,-200.0,48.8086534,7.8542917,142.28,142.28,0.0
200.0,-200.0,48.8086534,7.8544281,142.32,142.32,0.0
210.0,-200.0,48.8086534,7.8545645,142.18,142.18,0.0
220.0,-200.0,48.8086534,7.854701,142.14,142.14,0.0
230.0,-200.0,48.8086534,7.8548374,142.15,142.16,0.01
240.0,-200.0,48.8086534,7.8549738,142.23,142.23,0.0
250.0,-200.0,48.8086534,7.8551102,142.06,142.06,0.0
260.0,-200.0,48.8086534,7.8552466,142.13,142.13,0.0
270.0,-200.0,48.8086534,7.855383,142.13,142.13,0.0
280.0,-200.0,48.8086534,7.8555194,142.13,142.13,0.0
290.0,-200.0,48.8086534,7.8556558,142.08,142.08,0.0
300.0,-200.0,48.8086534,7.8557922,142.03,142.03,0.0
-300.0,-210.0,48.8085635,7.8476078,143.16,152.52,9.35
-290.0,-210.0,48.8085635,7.8477442,143.17,143.17,0.0
-280.0,-210.0,48.8085635,7.8478806,143.11,154.05,10.94
-270.0,-210.0,48.8085635,7.848017,143.09,154.05,10.96
-260.0,-210.0,48.8085635,7.8481534,143.16,143.16,0.0
-250.0,-210.0,48.8085635,7.8482898,142.89,142.89,0.0
-240.0,-210.0,48.8085635,7.8484262,142.88,142.88,0.0
-230.0,-210.0,48.8085635,7.8485626,142.96,142.96,0.0
-220.0,-210.0,48.8085635,7.848699,142.8,152.15,9.35
-210.0,-210.0,48.8085635,7.8488355,142.95,143.62,0.67
-200.0,-210.0,48.8085635,7.8489719,142.75,153.64,10.89
-190.0,-210.0,48.8085635,7.8491083,142.92,145.36,2.44
-180.0,-210.0,48.8085635,7.8492447,142.89,142.9,0.01
-170.0,-210.0,48.8085635,7.8493811,142.82,142.82,0.0
-160.0,-210.0,48.8085635,7.8495175,142.76,142.76,0.0
-150.0,-210.0,48.8085635,7.8496539,143.18,154.32,11.14
-140.0,-210.0,48.8085635,7.8497903,142.84,159.48,16.64
-130.0,-210.0,48.8085635,7.8499267,142.51,157.26,14.75
-120.0,-210.0,48.8085635,7.8500631,142.57,155.46,12.89
-110.0,-210.0,48.8085635,7.8501995,142.62,163.5,20.89
-100.0,-210.0,48.8085635,7.8503359,142.52,142.52,0.0
-90.0,-210.0,48.8085635,7.8504723,142.65,156.27,13.62
-80.0,-210.0,48.8085635,7.8506087,142.59,153.47,10.88
-70.0,-210.0,48.8085635,7.8507452,142.51,154.93,12.43
-60.0,-210.0,48.8085635,7.8508816,142.55,156.63,14.08
-50.0,-210.0,48.8085635,7.851018,142.51,157.25,14.74
-40.0,-210.0,48.8085635,7.8511544,142.52,151.11,8.59
-30.0,-210.0,48.8085635,7.8512908,142.49,142.49,0.0
-20.0,-210.0,48.8085635,7.8514272,142.23,148.49,6.26
-10.0,-210.0,48.8085635,7.8515636,142.31,142.31,0.0
0.0,-210.0,48.8085635,7.8517,142.27,142.27,0.0
10.0,-210.0,48.8085635,7.8518364,142.15,142.15,0.0
20.0,-210.0,48.8085635,7.8519728,142.28,142.28,0.0
30.0,-210.0,48.8085635,7.8521092,142.25,142.25,0.0
40.0,-210.0,48.8085635,7.8522456,142.43,142.87,0.44
50.0,-210.0,48.8085635,7.852382,142.37,142.37,0.0
60.0,-210.0,48.8085635,7.8525184,142.31,142.31,0.0
70.0,-210.0,48.8085635,7.8526548,142.24,142.24,0.0
80.0,-210.0,48.8085635,7.8527913,142.28,142.28,0.0
90.0,-210.0,48.8085635,7.8529277,142.21,142.21,0.0
100.0,-210.0,48.8085635,7.8530641,142.19,142.19,0.0
110.0,-210.0,48.8085635,7.8532005,142.14,142.14,0.0
120.0,-210.0,48.8085635,7.8533369,142.17,142.17,0.0
130.0,-210.0,48.8085635,7.8534733,142.17,142.17,0.0
140.0,-210.0,48.8085635,7.8536097,142.14,142.14,0.0
150.0,-210.0,48.8085635,7.8537461,142.16,142.16,0.0
160.0,-210.0,48.8085635,7.8538825,142.16,142.16,0.0
170.0,-210.0,48.8085635,7.8540189,142.33,142.33,0.0
180.0,-210.0,48.8085635,7.8541553,142.64,142.64,0.0
190.0,-210.0,48.8085635,7.8542917,142.37,142.37,0.0
200.0,-210.0,48.8085635,7.8544281,142.16,142.16,0.0
210.0,-210.0,48.8085635,7.8545645,142.13,142.13,0.0
220.0,-210.0,48.8085635,7.854701,142.06,142.06,0.0
230.0,-210.0,48.8085635,7.8548374,142.18,142.18,0.0
240.0,-210.0,48.8085635,7.8549738,142.09,142.09,0.0
250.0,-210.0,48.8085635,7.8551102,142.25,142.25,0.0
260.0,-210.0,48.8085635,7.8552466,142.25,142.25,0.0
270.0,-210.0,48.8085635,7.855383,142.14,142.14,0.0
280.0,-210.0,48.8085635,7.8555194,142.07,142.07,0.0
290.0,-210.0,48.8085635,7.8556558,142.25,142.25,0.0
300.0,-210.0,48.8085635,7.8557922,142.01,142.01,0.0
-300.0,-220.0,48.8084737,7.8476078,143.22,143.22,-0.0
-290.0,-220.0,48.8084737,7.8477442,143.15,143.15,0.0
-280.0,-220.0,48.8084737,7.8478806,143.1,149.79,6.69
-270.0,-220.0,48.8084737,7.848017,143.25,143.25,0.0
-260.0,-220.0,48.8084737,7.8481534,143.11,143.11,0.0
-250.0,-220.0,48.8084737,7.8482898,143.01,143.01,0.0
-240.0,-220.0,48.8084737,7.8484262,142.96,144.0,1.03
-230.0,-220.0,48.8084737,7.8485626,142.91,142.91,0.0
-220.0,-220.0,48.8084737,7.848699,142.97,143.76,0.79
-210.0,-220.0,48.8084737,7.8488355,142.86,146.25,3.39
-200.0,-220.0,48.8084737,7.8489719,142.71,142.71,0.0
-190.0,-220.0,48.8084737,7.8491083,142.8,142.8,0.0
-180.0,-220.0,48.8084737,7.8492447,142.79,142.79,0.0
-170.0,-220.0,48.8084737,7.8493811,142.73,142.73,0.0
-160.0,-220.0,48.8084737,7.8495175,142.85,142.88,0.03
-150.0,-220.0,48.8084737,7.8496539,143.18,154.27,11.09
-140.0,-220.0,48.8084737,7.8497903,142.78,159.22,16.44
-130.0,-220.0,48.8084737,7.8499267,142.64,142.64,0.0
-120.0,-220.0,48.8084737,7.8500631,142.55,152.33,9.78
-110.0,-220.0,48.8084737,7.8501995,142.65,151.17,8.52
-100.0,-220.0,48.8084737,7.8503359,142.57,154.37,11.8
-90.0,-220.0,48.8084737,7.8504723,142.62,153.23,10.61
-80.0,-220.0,48.8084737,7.8506087,142.59,154.47,11.88
-70.0,-220.0,48.8084737,7.8507452,142.59,158.92,16.33
-60.0,-220.0,48.8084737,7.8508816,142.47,147.84,5.38
-50.0,-220.0,48.8084737,7.851018,142.71,142.71,0.0
-40.0,-220.0,48.8084737,7.8511544,142.49,154.25,11.76
-30.0,-220.0,48.8084737,7.8512908,142.35,152.63,10.28
-20.0,-220.0,48.8084737,7.8514272,142.23,142.23,0.0
-10.0,-220.0,48.8084737,7.8515636,142.27,142.27,0.0
0.0,-220.0,48.8084737,7.8517,142.26,142.26,0.0
10.0,-220.0,48.8084737,7.8518364,142.17,142.17,0.0
20.0,-220.0,48.8084737,7.8519728,142.19,142.19,0.0
30.0,-220.0,48.8084737,7.8521092,142.16,142.16,0.0
40.0,-220.0,48.8084737,7.8522456,142.27,142.27,0.0
50.0,-220.0,48.8084737,7.852382,142.27,142.27,0.0
60.0,-220.0,48.8084737,7.8525184,142.31,142.31,0.0
70.0,-220.0,48.8084737,7.8526548,142.27,142.27,0.0
80.0,-220.0,48.8084737,7.8527913,142.21,142.21,0.0
90.0,-220.0,48.8084737,7.8529277,141.93,141.93,0.0
100.0,-220.0,48.8084737,7.8530641,142.1,142.1,0.0
110.0,-220.0,48.8084737,7.8532005,142.15,142.15,0.0
120.0,-220.0,48.8084737,7.8533369,142.09,142.09,0.0
130.0,-220.0,48.8084737,7.8534733,142.12,142.12,0.0
140.0,-220.0,48.8084737,7.8536097,142.09,142.09,0.0
150.0,-220.0,48.8084737,7.8537461,142.1,142.1,0.0
160.0,-220.0,48.8084737,7.8538825,142.1,142.1,0.0
170.0,-220.0,48.8084737,7.8540189,142.15,142.15,0.0
180.0,-220.0,48.8084737,7.8541553,142.41,142.41,0.0
190.0,-220.0,48.8084737,7.8542917,142.23,142.23,0.0
200.0,-220.0,48.8084737,7.8544281,142.14,142.14,0.0
210.0,-220.0,48.8084737,7.8545645,142.19,142.19,0.0
220.0,-220.0,48.8084737,7.854701,142.09,145.54,3.45
230.0,-220.0,48.8084737,7.8548374,142.06,142.06,0.0
240.0,-220.0,48.8084737,7.8549738,142.05,142.05,0.0
250.0,-220.0,48.8084737,7.8551102,142.09,142.09,0.0
260.0,-220.0,48.8084737,7.8552466,142.08,142.08,0.0
270.0,-220.0,48.8084737,7.855383,142.06,142.06,0.0
280.0,-220.0,48.8084737,7.8555194,142.06,142.06,0.0
290.0,-220.0,48.8084737,7.8556558,141.96,141.96,0.0
300.0,-220.0,48.8084737,7.8557922,142.03,142.03,0.0
-300.0,-230.0,48.8083839,7.8476078,143.12,151.85,8.73
-290.0,-230.0,48.8083839,7.8477442,143.06,153.72,10.66
-280.0,-230.0,48.8083839,7.8478806,143.0,155.49,12.49
-270.0,-230.0,48.8083839,7.848017,143.06,143.06,0.0
-260.0,-230.0,48.8083839,7.8481534,142.91,150.71,7.8
-250.0,-230.0,48.8083839,7.8482898,142.91,158.17,15.26
-240.0,-230.0,48.8083839,7.8484262,142.96,151.93,8.97
-230.0,-230.0,48.8083839,7.8485626,143.06,143.06,0.0
-220.0,-230.0,48.8083839,7.848699,142.7,142.7,0.0
-210.0,-230.0,48.8083839,7.8488355,142.81,142.9,0.09
-200.0,-230.0,48.8083839,7.8489719,142.73,142.73,0.0
-190.0,-230.0,48.8083839,7.8491083,142.71,151.77,9.06
-180.0,-230.0,48.8083839,7.8492447,142.65,142.65,0.0
-170.0,-230.0,48.8083839,7.8493811,142.71,154.24,11.53
-160.0,-230.0,48.8083839,7.8495175,142.89,156.47,13.58
-150.0,-230.0,48.8083839,7.8496539,143.02,148.6,5.58
-140.0,-230.0,48.8083839,7.8497903,142.69,153.91,11.22
-130.0,-230.0,48.8083839,7.8499267,142.6,154.15,11.55
-120.0,-230.0,48.8083839,7.8500631,142.67,155.22,12.54
-110.0,-230.0,48.8083839,7.8501995,142.59,155.31,12.72
-100.0,-230.0,48.8083839,7.8503359,142.63,153.81,11.18
-90.0,-230.0,48.8083839,7.8504723,142.67,142.67,0.0
-80.0,-230.0,48.8083839,7.8506087,142.61,142.61,0.0
-70.0,-230.0,48.8083839,7.8507452,142.41,153.22,10.81
-60.0,-230.0,48.8083839,7.8508816,142.57,153.34,10.77
-50.0,-230.0,48.8083839,7.851018,142.62,155.64,13.02
-40.0,-230.0,48.8083839,7.8511544,142.45,154.73,12.28
-30.0,-230.0,48.8083839,7.8512908,142.35,152.87,10.52
-20.0,-230.0,48.8083839,7.8514272,142.17,142.17,0.0
-10.0,-230.0,48.8083839,7.8515636,142.34,142.34,0.0
0.0,-230.0,48.8083839,7.8517,142.24,142.24,0.0
10.0,-230.0,48.8083839,7.8518364,142.16,142.16,0.0
20.0,-230.0,48.8083839,7.8519728,142.1,142.1,0.0
30.0,-230.0,48.8083839,7.8521092,142.14,142.14,0.0
40.0,-230.0,48.8083839,7.8522456,142.24,142.24,0.0
50.0,-230.0,48.8083839,7.852382,142.21,142.21,0.0
60.0,-230.0,48.8083839,7.8525184,142.35,142.35,0.0
70.0,-230.0,48.8083839,7.8526548,142.26,142.26,0.0
80.0,-230.0,48.8083839,7.8527913,142.66,142.66,0.0
90.0,-230.0,48.8083839,7.8529277,142.16,142.16,0.0
100.0,-230.0,48.8083839,7.8530641,142.18,142.18,0.0
110.0,-230.0,48.8083839,7.8532005,142.17,142.17,0.0
120.0,-230.0,48.8083839,7.8533369,142.21,142.21,0.0
130.0,-230.0,48.8083839,7.8534733,142.1,142.1,0.0
140.0,-230.0,48.8083839,7.8536097,142.12,142.12,0.0
150.0,-230.0,48.8083839,7.8537461,142.1,142.1,0.0
160.0,-230.0,48.8083839,7.8538825,142.02,142.02,0.0
170.0,-230.0,48.8083839,7.8540189,142.13,142.13,0.0
180.0,-230.0,48.8083839,7.8541553,142.32,149.36,7.04
190.0,-230.0,48.8083839,7.8542917,142.24,151.05,8.81
200.0,-230.0,48.8083839,7.8544281,142.27,143.59,1.32
210.0,-230.0,48.8083839,7.8545645,142.05,142.05,0.0
220.0,-230.0,48.8083839,7.854701,142.07,145.39,3.31
230.0,-230.0,48.8083839,7.8548374,142.0,142.0,0.0
240.0,-230.0,48.8083839,7.8549738,142.15,142.15,0.0
250.0,-230.0,48.8083839,7.8551102,142.06,144.32,2.26
260.0,-230.0,48.8083839,7.8552466,142.04,142.04,0.0
270.0,-230.0,48.8083839,7.855383,142.09,142.09,0.0
280.0,-230.0,48.8083839,7.8555194,142.02,142.02,0.0
290.0,-230.0,48.8083839,7.8556558,142.08,142.08,0.0
300.0,-230.0,48.8083839,7.8557922,141.99,141.99,0.0
-300.0,-240.0,48.8082941,7.8476078,143.33,143.33,0.0
-290.0,-240.0,48.8082941,7.8477442,143.12,146.16,3.04
-280.0,-240.0,48.8082941,7.8478806,143.09,150.97,7.88
-270.0,-240.0,48.8082941,7.848017,142.92,142.92,0.0
-260.0,-240.0,48.8082941,7.8481534,142.89,142.89,0.0
-250.0,-240.0,48.8082941,7.8482898,142.92,154.64,11.72
-240.0,-240.0,48.8082941,7.8484262,142.79,144.57,1.78
-230.0,-240.0,48.8082941,7.8485626,142.72,152.29,9.57
-220.0,-240.0,48.8082941,7.848699,142.84,142.84,0.0
-210.0,-240.0,48.8082941,7.8488355,142.7,144.23,1.53
-200.0,-240.0,48.8082941,7.8489719,142.65,142.65,0.0
-190.0,-240.0,48.8082941,7.8491083,142.78,142.78,0.0
-180.0,-240.0,48.8082941,7.8492447,142.67,142.67,-0.0
-170.0,-240.0,48.8082941,7.8493811,142.68,142.68,0.0
-160.0,-240.0,48.8082941,7.8495175,142.74,142.88,0.13
-150.0,-240.0,48.8082941,7.8496539,143.08,149.91,6.82
-140.0,-240.0,48.8082941,7.8497903,142.77,155.88,13.11
-130.0,-240.0,48.8082941,7.8499267,142.91,142.91,0.0
-120.0,-240.0,48.8082941,7.8500631,142.62,146.82,4.2
-110.0,-240.0,48.8082941,7.8501995,142.66,142.66,0.0
-100.0,-240.0,48.8082941,7.8503359,142.55,151.19,8.63
-90.0,-240.0,48.8082941,7.8504723,142.62,153.96,11.34
-80.0,-240.0,48.8082941,7.8506087,142.6,154.71,12.11
-70.0,-240.0,48.8082941,7.8507452,142.57,151.85,9.28
-60.0,-240.0,48.8082941,7.8508816,142.49,155.17,12.68
-50.0,-240.0,48.8082941,7.851018,142.71,153.26,10.55
-40.0,-240.0,48.8082941,7.8511544,142.37,142.37,0.0
-30.0,-240.0,48.8082941,7.8512908,142.5,142.5,0.0
-20.0,-240.0,48.8082941,7.8514272,142.21,142.21,0.0
-10.0,-240.0,48.8082941,7.8515636,142.31,142.31,0.0
0.0,-240.0,48.8082941,7.8517,142.22,142.22,0.0
10.0,-240.0,48.8082941,7.8518364,142.14,142.14,0.0
20.0,-240.0,48.8082941,7.8519728,142.12,142.12,0.0
30.0,-240.0,48.8082941,7.8521092,142.1,142.1,0.0
40.0,-240.0,48.8082941,7.8522456,142.17,142.17,0.0
50.0,-240.0,48.8082941,7.852382,142.16,142.16,0.0
60.0,-240.0,48.8082941,7.8525184,142.23,142.23,0.0
70.0,-240.0,48.8082941,7.8526548,142.19,142.19,0.0
80.0,-240.0,48.8082941,7.8527913,142.17,142.17,0.0
90.0,-240.0,48.8082941,7.8529277,142.12,142.12,0.0
100.0,-240.0,48.8082941,7.8530641,142.12,142.12,0.0
110.0,-240.0,48.8082941,7.8532005,142.27,142.27,0.0
120.0,-240.0,48.8082941,7.8533369,142.18,142.18,0.0
130.0,-240.0,48.8082941,7.8534733,142.21,142.21,0.0
140.0,-240.0,48.8082941,7.8536097,142.08,142.08,0.0
150.0,-240.0,48.8082941,7.8537461,142.06,142.06,0.0
160.0,-240.0,48.8082941,7.8538825,142.01,142.01,0.0
170.0,-240.0,48.8082941,7.8540189,142.17,142.17,0.0
180.0,-240.0,48.8082941,7.8541553,142.34,142.34,0.0
190.0,-240.0,48.8082941,7.8542917,142.26,147.51,5.25
200.0,-240.0,48.8082941,7.8544281,142.19,142.19,0.0
210.0,-240.0,48.8082941,7.8545645,142.08,142.08,0.0
220.0,-240.0,48.8082941,7.854701,142.11,144.67,2.56
230.0,-240.0,48.8082941,7.8548374,142.04,142.04,0.0
240.0,-240.0,48.8082941,7.8549738,142.13,142.13,0.0
250.0,-240.0,48.8082941,7.8551102,142.08,142.08,0.0
260.0,-240.0,48.8082941,7.8552466,142.18,142.18,0.0
270.0,-240.0,48.8082941,7.855383,142.04,142.04,0.0
280.0,-240.0,48.8082941,7.8555194,141.98,141.98,0.0
290.0,-240.0,48.8082941,7.8556558,142.05,142.05,0.0
300.0,-240.0,48.8082941,7.8557922,142.0,142.0,0.0
-300.0,-250.0,48.8082042,7.8476078,143.07,143.07,0.0
-290.0,-250.0,48.8082042,7.8477442,143.06,146.08,3.02
-280.0,-250.0,48.8082042,7.8478806,143.12,143.23,0.11
-270.0,-250.0,48.8082042,7.848017,142.9,154.14,11.24
-260.0,-250.0,48.8082042,7.8481534,142.94,149.76,6.82
-250.0,-250.0,48.8082042,7.8482898,142.83,156.46,13.64
-240.0,-250.0,48.8082042,7.8484262,142.67,142.67,0.0
-230.0,-250.0,48.8082042,7.8485626,142.71,142.71,0.0
-220.0,-250.0,48.8082042,7.848699,142.77,152.32,9.55
-210.0,-250.0,48.8082042,7.8488355,142.77,150.08,7.32
-200.0,-250.0,48.8082042,7.8489719,142.62,146.67,4.05
-190.0,-250.0,48.8082042,7.8491083,142.8,142.8,0.0
-180.0,-250.0,48.8082042,7.8492447,142.73,154.37,11.64
-170.0,-250.0,48.8082042,7.8493811,142.81,147.55,4.74
-160.0,-250.0,48.8082042,7.8495175,143.19,143.19,0.0
-150.0,-250.0,48.8082042,7.8496539,142.91,144.79,1.88
-140.0,-250.0,48.8082042,7.8497903,142.83,156.97,14.14
-130.0,-250.0,48.8082042,7.8499267,142.6,156.61,14.01
-120.0,-250.0,48.8082042,7.8500631,142.63,142.63,-0.0
-110.0,-250.0,48.8082042,7.8501995,142.61,155.88,13.28
-100.0,-250.0,48.8082042,7.8503359,142.61,153.47,10.85
-90.0,-250.0,48.8082042,7.8504723,142.62,142.62,0.0
-80.0,-250.0,48.8082042,7.8506087,142.59,142.59,0.0
-70.0,-250.0,48.8082042,7.8507452,142.41,142.41,0.0
-60.0,-250.0,48.8082042,7.8508816,142.25,145.75,3.5
-50.0,-250.0,48.8082042,7.851018,142.49,155.78,13.3
-40.0,-250.0,48.8082042,7.8511544,142.34,155.06,12.72
-30.0,-250.0,48.8082042,7.8512908,142.36,152.87,10.51
-20.0,-250.0,48.8082042,7.8514272,142.39,149.55,7.16
-10.0,-250.0,48.8082042,7.8515636,142.24,142.24,0.0
0.0,-250.0,48.8082042,7.8517,142.19,142.19,0.0
10.0,-250.0,48.8082042,7.8518364,142.15,142.15,0.0
20.0,-250.0,48.8082042,7.8519728,142.1,142.1,0.0
30.0,-250.0,48.8082042,7.8521092,142.08,142.08,0.0
40.0,-250.0,48.8082042,7.8522456,142.12,142.12,0.0
50.0,-250.0,48.8082042,7.852382,142.1,142.1,0.0
60.0,-250.0,48.8082042,7.8525184,141.78,141.78,0.0
70.0,-250.0,48.8082042,7.8526548,142.19,142.19,0.0
80.0,-250.0,48.8082042,7.8527913,142.12,142.12,0.0
90.0,-250.0,48.8082042,7.8529277,142.18,142.6,0.42
100.0,-250.0,48.8082042,7.8530641,142.18,142.18,0.0
110.0,-250.0,48.8082042,7.8532005,142.14,142.14,0.0
120.0,-250.0,48.8082042,7.8533369,142.19,142.19,0.0
130.0,-250.0,48.8082042,7.8534733,142.02,142.02,0.0
140.0,-250.0,48.8082042,7.8536097,142.09,142.09,0.0
150.0,-250.0,48.8082042,7.8537461,142.13,142.13,0.0
160.0,-250.0,48.8082042,7.8538825,142.06,142.06,0.0
170.0,-250.0,48.8082042,7.8540189,142.15,142.15,0.0
180.0,-250.0,48.8082042,7.8541553,142.22,142.22,0.0
190.0,-250.0,48.8082042,7.8542917,142.45,142.45,0.0
200.0,-250.0,48.8082042,7.8544281,142.12,142.12,0.0
210.0,-250.0,48.8082042,7.8545645,142.1,144.8,2.69
220.0,-250.0,48.8082042,7.854701,142.05,142.05,0.0
230.0,-250.0,48.8082042,7.8548374,142.22,142.22,0.0
240.0,-250.0,48.8082042,7.8549738,142.1,142.1,0.0
250.0,-250.0,48.8082042,7.8551102,142.08,142.08,0.0
260.0,-250.0,48.8082042,7.8552466,142.02,142.02,0.0
270.0,-250.0,48.8082042,7.855383,142.05,142.05,0.0
280.0,-250.0,48.8082042,7.8555194,142.08,142.08,0.0
290.0,-250.0,48.8082042,7.8556558,142.01,142.01,0.0
300.0,-250.0,48.8082042,7.8557922,141.97,141.97,0.0
-300.0,-260.0,48.8081144,7.8476078,142.97,153.43,10.46
-290.0,-260.0,48.8081144,7.8477442,143.11,153.75,10.64
-280.0,-260.0,48.8081144,7.8478806,143.14,143.14,0.0
-270.0,-260.0,48.8081144,7.848017,142.99,157.05,14.06
-260.0,-260.0,48.8081144,7.8481534,142.94,142.94,0.0
-250.0,-260.0,48.8081144,7.8482898,142.74,142.74,0.0
-240.0,-260.0,48.8081144,7.8484262,142.78,154.4,11.63
-230.0,-260.0,48.8081144,7.8485626,142.75,153.72,10.97
-220.0,-260.0,48.8081144,7.848699,142.63,151.21,8.59
-210.0,-260.0,48.8081144,7.8488355,142.75,152.93,10.18
-200.0,-260.0,48.8081144,7.8489719,142.73,142.73,0.0
-190.0,-260.0,48.8081144,7.8491083,142.69,142.69,0.0
-180.0,-260.0,48.8081144,7.8492447,142.66,145.07,2.41
-170.0,-260.0,48.8081144,7.8493811,142.87,142.87,0.0
-160.0,-260.0,48.8081144,7.8495175,143.27,156.06,12.79
-150.0,-260.0,48.8081144,7.8496539,142.98,160.54,17.56
-140.0,-260.0,48.8081144,7.8497903,142.67,154.48,11.82
-130.0,-260.0,48.8081144,7.8499267,142.67,157.42,14.75
-120.0,-260.0,48.8081144,7.8500631,142.61,155.3,12.69
-110.0,-260.0,48.8081144,7.8501995,142.48,146.93,4.45
-100.0,-260.0,48.8081144,7.8503359,142.61,142.61,0.0
-90.0,-260.0,48.8081144,7.8504723,142.61,157.24,14.63
-80.0,-260.0,48.8081144,7.8506087,142.51,151.11,8.6
-70.0,-260.0,48.8081144,7.8507452,142.47,152.67,10.2
-60.0,-260.0,48.8081144,7.8508816,142.45,152.56,10.11
-50.0,-260.0,48.8081144,7.851018,142.35,155.22,12.86
-40.0,-260.0,48.8081144,7.8511544,142.26,142.27,0.01
-30.0,-260.0,48.8081144,7.8512908,142.26,155.09,12.83
-20.0,-260.0,48.8081144,7.8514272,142.37,148.38,6.01
-10.0,-260.0,48.8081144,7.8515636,142.22,142.22,0.0
0.0,-260.0,48.8081144,7.8517,142.21,142.21,0.0
10.0,-260.0,48.8081144,7.8518364,142.15,142.15,0.0
20.0,-260.0,48.8081144,7.8519728,142.1,142.1,0.0
30.0,-260.0,48.8081144,7.8521092,142.04,142.04,0.0
40.0,-260.0,48.8081144,7.8522456,142.14,142.14,0.0
50.0,-260.0,48.8081144,7.852382,142.16,149.7,7.54
60.0,-260.0,48.8081144,7.8525184,142.07,142.07,0.0
70.0,-260.0,48.8081144,7.8526548,142.05,142.05,0.0
80.0,-260.0,48.8081144,7.8527913,142.05,142.05,0.0
90.0,-260.0,48.8081144,7.8529277,142.11,142.11,0.0
100.0,-260.0,48.8081144,7.8530641,142.15,142.15,0.0
110.0,-260.0,48.8081144,7.8532005,142.13,142.13,0.0
120.0,-260.0,48.8081144,7.8533369,142.14,142.14,0.0
130.0,-260.0,48.8081144,7.8534733,142.0,142.0,0.0
140.0,-260.0,48.8081144,7.8536097,141.96,141.96,0.0
150.0,-260.0,48.8081144,7.8537461,141.92,141.92,0.0
160.0,-260.0,48.8081144,7.8538825,142.41,142.41,0.0
170.0,-260.0,48.8081144,7.8540189,142.17,142.17,0.0
180.0,-260.0,48.8081144,7.8541553,142.25,142.25,0.0
190.0,-260.0,48.8081144,7.8542917,142.26,142.26,0.0
200.0,-260.0,48.8081144,7.8544281,142.06,142.06,0.0
210.0,-260.0,48.8081144,7.8545645,141.99,141.99,0.0
220.0,-260.0,48.8081144,7.854701,141.94,141.94,0.0
230.0,-260.0,48.8081144,7.8548374,142.11,142.11,0.0
240.0,-260.0,48.8081144,7.8549738,142.02,142.02,0.0
250.0,-260.0,48.8081144,7.8551102,142.05,142.05,0.0
260.0,-260.0,48.8081144,7.8552466,142.17,142.17,0.0
270.0,-260.0,48.8081144,7.855383,141.92,141.92,0.0
280.0,-260.0,48.8081144,7.8555194,142.1,142.1,0.0
290.0,-260.0,48.8081144,7.8556558,141.97,141.97,0.0
300.0,-260.0,48.8081144,7.8557922,142.05,143.13,1.08
-300.0,-270.0,48.8080246,7.8476078,142.94,155.77,12.83
-290.0,-270.0,48.8080246,7.8477442,143.05,151.41,8.37
-280.0,-270.0,48.8080246,7.8478806,142.97,142.97,0.0
-270.0,-270.0,48.8080246,7.848017,142.85,142.85,0.0
-260.0,-270.0,48.8080246,7.8481534,143.01,143.01,0.0
-250.0,-270.0,48.8080246,7.8482898,143.03,143.03,0.0
-240.0,-270.0,48.8080246,7.8484262,142.82,152.61,9.79
-230.0,-270.0,48.8080246,7.8485626,142.83,142.83,0.0
-220.0,-270.0,48.8080246,7.848699,142.66,142.66,0.0
-210.0,-270.0,48.8080246,7.8488355,142.7,149.98,7.27
-200.0,-270.0,48.8080246,7.8489719,142.93,142.93,0.0
-190.0,-270.0,48.8080246,7.8491083,142.67,151.87,9.19
-180.0,-270.0,48.8080246,7.8492447,142.64,153.43,10.79
-170.0,-270.0,48.8080246,7.8493811,142.74,155.63,12.9
-160.0,-270.0,48.8080246,7.8495175,143.11,148.17,5.06
-150.0,-270.0,48.8080246,7.8496539,142.96,156.36,13.4
-140.0,-270.0,48.8080246,7.8497903,142.74,150.73,7.99
-130.0,-270.0,48.8080246,7.8499267,142.61,142.85,0.24
-120.0,-270.0,48.8080246,7.8500631,142.71,156.64,13.92
-110.0,-270.0,48.8080246,7.8501995,142.78,156.06,13.29
-100.0,-270.0,48.8080246,7.8503359,142.64,155.45,12.8
-90.0,-270.0,48.8080246,7.8504723,142.62,156.49,13.86
-80.0,-270.0,48.8080246,7.8506087,142.53,154.67,12.15
-70.0,-270.0,48.8080246,7.8507452,142.33,153.67,11.35
-60.0,-270.0,48.8080246,7.8508816,142.48,152.72,10.24
-50.0,-270.0,48.8080246,7.851018,142.49,149.85,7.36
-40.0,-270.0,48.8080246,7.8511544,142.3,154.49,12.19
-30.0,-270.0,48.8080246,7.8512908,142.35,151.41,9.05
-20.0,-270.0,48.8080246,7.8514272,142.38,155.05,12.67
-10.0,-270.0,48.8080246,7.8515636,142.25,142.25,0.0
0.0,-270.0,48.8080246,7.8517,142.22,142.22,0.0
10.0,-270.0,48.8080246,7.8518364,142.12,142.12,0.0
20.0,-270.0,48.8080246,7.8519728,142.09,142.09,0.0
30.0,-270.0,48.8080246,7.8521092,142.08,142.08,0.0
40.0,-270.0,48.8080246,7.8522456,142.17,142.17,0.0
50.0,-270.0,48.8080246,7.852382,142.12,142.12,0.0
60.0,-270.0,48.8080246,7.8525184,142.1,142.1,0.0
70.0,-270.0,48.8080246,7.8526548,142.17,142.17,0.0
80.0,-270.0,48.8080246,7.8527913,142.17,142.17,0.0
90.0,-270.0,48.8080246,7.8529277,142.11,142.11,0.0
100.0,-270.0,48.8080246,7.8530641,142.17,142.17,0.0
110.0,-270.0,48.8080246,7.8532005,142.11,142.11,0.0
120.0,-270.0,48.8080246,7.8533369,142.02,142.02,0.0
130.0,-270.0,48.8080246,7.8534733,141.98,145.31,3.33
140.0,-270.0,48.8080246,7.8536097,141.96,141.96,0.0
150.0,-270.0,48.8080246,7.8537461,142.0,142.0,0.0
160.0,-270.0,48.8080246,7.8538825,142.09,142.09,0.0
170.0,-270.0,48.8080246,7.8540189,141.98,141.98,0.0
180.0,-270.0,48.8080246,7.8541553,142.12,142.12,0.0
190.0,-270.0,48.8080246,7.8542917,142.32,142.32,0.0
200.0,-270.0,48.8080246,7.8544281,142.23,142.23,0.0
210.0,-270.0,48.8080246,7.8545645,142.19,142.19,0.0
220.0,-270.0,48.8080246,7.854701,141.95,141.95,0.0
230.0,-270.0,48.8080246,7.8548374,142.03,143.91,1.88
240.0,-270.0,48.8080246,7.8549738,142.01,142.01,0.0
250.0,-270.0,48.8080246,7.8551102,141.97,141.97,0.0
260.0,-270.0,48.8080246,7.8552466,141.93,146.54,4.61
270.0,-270.0,48.8080246,7.855383,141.86,141.86,0.0
280.0,-270.0,48.8080246,7.8555194,141.93,141.93,0.0
290.0,-270.0,48.8080246,7.8556558,141.91,141.91,0.0
300.0,-270.0,48.8080246,7.8557922,141.9,142.74,0.84
-300.0,-280.0,48.8079347,7.8476078,143.01,143.01,0.0
-290.0,-280.0,48.8079347,7.8477442,142.96,146.39,3.43
-280.0,-280.0,48.8079347,7.8478806,143.02,150.69,7.66
-270.0,-280.0,48.8079347,7.848017,142.9,153.75,10.86
-260.0,-280.0,48.8079347,7.8481534,142.91,154.58,11.67
-250.0,-280.0,48.8079347,7.8482898,142.84,151.43,8.6
-240.0,-280.0,48.8079347,7.8484262,142.74,142.74,0.0
-230.0,-280.0,48.8079347,7.8485626,142.76,154.41,11.65
-220.0,-280.0,48.8079347,7.848699,142.61,144.09,1.48
-210.0,-280.0,48.8079347,7.8488355,142.74,142.74,0.0
-200.0,-280.0,48.8079347,7.8489719,142.67,152.9,10.23
-190.0,-280.0,48.8079347,7.8491083,142.67,149.6,6.93
-180.0,-280.0,48.8079347,7.8492447,142.79,157.82,15.03
-170.0,-280.0,48.8079347,7.8493811,142.92,153.46,10.54
-160.0,-280.0,48.8079347,7.8495175,143.04,149.35,6.31
-150.0,-280.0,48.8079347,7.8496539,142.89,157.26,14.38
-140.0,-280.0,48.8079347,7.8497903,142.79,143.58,0.79
-130.0,-280.0,48.8079347,7.8499267,142.6,152.26,9.66
-120.0,-280.0,48.8079347,7.8500631,142.69,153.2,10.51
-110.0,-280.0,48.8079347,7.8501995,142.65,154.83,12.19
-100.0,-280.0,48.8079347,7.8503359,142.8,154.59,11.79
-90.0,-280.0,48.8079347,7.8504723,142.73,155.39,12.67
-80.0,-280.0,48.8079347,7.8506087,142.59,142.59,0.0
-70.0,-280.0,48.8079347,7.8507452,142.46,153.94,11.48
-60.0,-280.0,48.8079347,7.8508816,142.44,151.45,9.02
-50.0,-280.0,48.8079347,7.851018,142.34,153.63,11.29
-40.0,-280.0,48.8079347,7.8511544,142.38,155.95,13.57
-30.0,-280.0,48.8079347,7.8512908,142.34,151.98,9.64
-20.0,-280.0,48.8079347,7.8514272,142.53,142.74,0.21
-10.0,-280.0,48.8079347,7.8515636,142.21,142.21,0.0
0.0,-280.0,48.8079347,7.8517,142.2,142.2,0.0
10.0,-280.0,48.8079347,7.8518364,142.12,142.12,0.0
20.0,-280.0,48.8079347,7.8519728,142.12,142.12,0.0
30.0,-280.0,48.8079347,7.8521092,142.04,142.04,0.0
40.0,-280.0,48.8079347,7.8522456,142.13,142.13,0.0
50.0,-280.0,48.8079347,7.852382,142.25,142.25,0.0
60.0,-280.0,48.8079347,7.8525184,142.11,142.11,0.0
70.0,-280.0,48.8079347,7.8526548,142.19,142.19,0.0
80.0,-280.0,48.8079347,7.8527913,142.2,142.2,0.0
90.0,-280.0,48.8079347,7.8529277,142.05,142.05,0.0
100.0,-280.0,48.8079347,7.8530641,142.05,142.05,0.0
110.0,-280.0,48.8079347,7.8532005,142.01,142.01,0.0
120.0,-280.0,48.8079347,7.8533369,142.1,142.1,0.0
130.0,-280.0,48.8079347,7.8534733,142.08,142.08,0.0
140.0,-280.0,48.8079347,7.8536097,142.07,142.07,0.0
150.0,-280.0,48.8079347,7.8537461,142.04,142.04,0.0
160.0,-280.0,48.8079347,7.8538825,142.19,142.19,0.0
170.0,-280.0,48.8079347,7.8540189,141.98,141.98,0.0
180.0,-280.0,48.8079347,7.8541553,142.28,142.28,0.0
190.0,-280.0,48.8079347,7.8542917,142.08,142.08,0.0
200.0,-280.0,48.8079347,7.8544281,142.2,142.2,0.0
210.0,-280.0,48.8079347,7.8545645,142.16,142.16,0.0
220.0,-280.0,48.8079347,7.854701,141.95,141.95,0.0
230.0,-280.0,48.8079347,7.8548374,141.86,141.86,0.0
240.0,-280.0,48.8079347,7.8549738,141.87,141.87,0.0
250.0,-280.0,48.8079347,7.8551102,141.94,147.03,5.09
260.0,-280.0,48.8079347,7.8552466,141.93,142.51,0.58
270.0,-280.0,48.8079347,7.855383,141.74,141.74,0.0
280.0,-280.0,48.8079347,7.8555194,141.93,141.93,0.0
290.0,-280.0,48.8079347,7.8556558,141.87,141.87,0.0
300.0,-280.0,48.8079347,7.8557922,141.8,141.8,0.0
-300.0,-290.0,48.8078449,7.8476078,143.05,155.1,12.05
-290.0,-290.0,48.8078449,7.8477442,142.82,151.85,9.03
-280.0,-290.0,48.8078449,7.8478806,143.02,157.55,14.52
-270.0,-290.0,48.8078449,7.848017,142.9,142.9,0.0
-260.0,-290.0,48.8078449,7.8481534,142.74,142.74,0.0
-250.0,-290.0,48.8078449,7.8482898,142.78,149.18,6.4
-240.0,-290.0,48.8078449,7.8484262,142.7,156.67,13.97
-230.0,-290.0,48.8078449,7.8485626,142.78,148.14,5.37
-220.0,-290.0,48.8078449,7.848699,142.92,142.92,0.0
-210.0,-290.0,48.8078449,7.8488355,142.62,155.91,13.29
-200.0,-290.0,48.8078449,7.8489719,142.73,148.59,5.86
-190.0,-290.0,48.8078449,7.8491083,142.74,159.22,16.48
-180.0,-290.0,48.8078449,7.8492447,142.73,156.05,13.32
-170.0,-290.0,48.8078449,7.8493811,142.96,153.63,10.67
-160.0,-290.0,48.8078449,7.8495175,143.15,149.37,6.23
-150.0,-290.0,48.8078449,7.8496539,142.72,148.09,5.37
-140.0,-290.0,48.8078449,7.8497903,142.62,154.31,11.69
-130.0,-290.0,48.8078449,7.8499267,142.76,149.55,6.79
-120.0,-290.0,48.8078449,7.8500631,142.58,153.56,10.97
-110.0,-290.0,48.8078449,7.8501995,142.56,142.56,0.0
-100.0,-290.0,48.8078449,7.8503359,142.62,155.51,12.9
-90.0,-290.0,48.8078449,7.8504723,142.57,156.2,13.63
-80.0,-290.0,48.8078449,7.8506087,142.5,154.92,12.41
-70.0,-290.0,48.8078449,7.8507452,142.42,145.75,3.33
-60.0,-290.0,48.8078449,7.8508816,142.43,146.24,3.81
-50.0,-290.0,48.8078449,7.851018,142.36,156.01,13.65
-40.0,-290.0,48.8078449,7.8511544,142.35,145.78,3.43
-30.0,-290.0,48.8078449,7.8512908,142.44,142.44,0.0
-20.0,-290.0,48.8078449,7.8514272,142.43,151.25,8.82
-10.0,-290.0,48.8078449,7.8515636,142.13,142.13,0.0
0.0,-290.0,48.8078449,7.8517,142.18,142.18,0.0
10.0,-290.0,48.8078449,7.8518364,142.15,142.15,0.0
20.0,-290.0,48.8078449,7.8519728,142.13,142.13,0.0
30.0,-290.0,48.8078449,7.8521092,142.01,142.01,0.0
40.0,-290.0,48.8078449,7.8522456,142.14,142.14,0.0
50.0,-290.0,48.8078449,7.852382,142.03,142.08,0.05
60.0,-290.0,48.8078449,7.8525184,142.13,146.24,4.11
70.0,-290.0,48.8078449,7.8526548,142.1,142.1,0.0
80.0,-290.0,48.8078449,7.8527913,142.16,142.16,0.0
90.0,-290.0,48.8078449,7.8529277,142.01,142.01,0.0
100.0,-290.0,48.8078449,7.8530641,142.08,142.08,0.0
110.0,-290.0,48.8078449,7.8532005,142.06,142.06,0.0
120.0,-290.0,48.8078449,7.8533369,142.13,142.13,0.0
130.0,-290.0,48.8078449,7.8534733,142.15,142.15,0.0
140.0,-290.0,48.8078449,7.8536097,141.99,141.99,0.0
150.0,-290.0,48.8078449,7.8537461,142.0,142.0,0.0
160.0,-290.0,48.8078449,7.8538825,141.93,143.38,1.45
170.0,-290.0,48.8078449,7.8540189,142.2,142.2,0.0
180.0,-290.0,48.8078449,7.8541553,142.0,142.0,0.0
190.0,-290.0,48.8078449,7.8542917,142.07,142.39,0.32
200.0,-290.0,48.8078449,7.8544281,142.03,142.03,0.0
210.0,-290.0,48.8078449,7.8545645,142.09,142.09,0.0
220.0,-290.0,48.8078449,7.854701,142.02,142.02,0.0
230.0,-290.0,48.8078449,7.8548374,141.9,141.9,0.0
240.0,-290.0,48.8078449,7.8549738,141.84,141.84,0.0
250.0,-290.0,48.8078449,7.8551102,141.84,142.54,0.7
260.0,-290.0,48.8078449,7.8552466,141.8,141.8,0.0
270.0,-290.0,48.8078449,7.855383,141.76,141.76,0.0
280.0,-290.0,48.8078449,7.8555194,141.74,141.74,0.0
290.0,-290.0,48.8078449,7.8556558,141.8,141.8,0.0
300.0,-290.0,48.8078449,7.8557922,141.7,141.7,0.0
-300.0,-300.0,48.8077551,7.8476078,143.17,143.25,0.08
-290.0,-300.0,48.8077551,7.8477442,142.88,151.05,8.17
-280.0,-300.0,48.8077551,7.8478806,143.01,152.11,9.1
-270.0,-300.0,48.8077551,7.848017,142.95,142.95,0.0
-260.0,-300.0,48.8077551,7.8481534,142.98,152.71,9.72
-250.0,-300.0,48.8077551,7.8482898,142.95,154.76,11.81
-240.0,-300.0,48.8077551,7.8484262,142.85,142.85,0.0
-230.0,-300.0,48.8077551,7.8485626,142.72,142.72,0.0
-220.0,-300.0,48.8077551,7.848699,142.63,142.63,0.0
-210.0,-300.0,48.8077551,7.8488355,142.7,158.16,15.46
-200.0,-300.0,48.8077551,7.8489719,142.51,154.32,11.82
-190.0,-300.0,48.8077551,7.8491083,142.64,157.07,14.44
-180.0,-300.0,48.8077551,7.8492447,142.6,158.26,15.66
-170.0,-300.0,48.8077551,7.8493811,142.88,149.05,6.17
-160.0,-300.0,48.8077551,7.8495175,143.06,151.72,8.67
-150.0,-300.0,48.8077551,7.8496539,142.68,144.7,2.02
-140.0,-300.0,48.8077551,7.8497903,142.66,142.66,0.0
-130.0,-300.0,48.8077551,7.8499267,142.56,151.22,8.66
-120.0,-300.0,48.8077551,7.8500631,142.51,154.75,12.24
-110.0,-300.0,48.8077551,7.8501995,142.56,157.76,15.2
-100.0,-300.0,48.8077551,7.8503359,142.49,154.36,11.87
-90.0,-300.0,48.8077551,7.8504723,142.5,156.33,13.83
-80.0,-300.0,48.8077551,7.8506087,142.43,148.99,6.56
-70.0,-300.0,48.8077551,7.8507452,142.36,142.36,0.0
-60.0,-300.0,48.8077551,7.8508816,142.36,155.79,13.43
-50.0,-300.0,48.8077551,7.851018,142.46,156.94,14.48
-40.0,-300.0,48.8077551,7.8511544,142.45,154.03,11.58
-30.0,-300.0,48.8077551,7.8512908,142.47,155.68,13.21
-20.0,-300.0,48.8077551,7.8514272,142.36,150.31,7.95
-10.0,-300.0,48.8077551,7.8515636,142.13,142.13,0.0
0.0,-300.0,48.8077551,7.8517,142.18,142.18,0.0
10.0,-300.0,48.8077551,7.8518364,142.14,142.14,0.0
20.0,-300.0,48.8077551,7.8519728,142.1,142.1,0.0
30.0,-300.0,48.8077551,7.8521092,142.05,142.05,0.0
40.0,-300.0,48.8077551,7.8522456,142.11,142.11,0.0
50.0,-300.0,48.8077551,7.852382,142.01,142.01,0.0
60.0,-300.0,48.8077551,7.8525184,142.08,142.08,0.0
70.0,-300.0,48.8077551,7.8526548,142.15,142.15,0.0
80.0,-300.0,48.8077551,7.8527913,142.06,142.06,0.0
90.0,-300.0,48.8077551,7.8529277,142.09,142.09,0.0
100.0,-300.0,48.8077551,7.8530641,141.98,141.98,0.0
110.0,-300.0,48.8077551,7.8532005,142.05,142.05,0.0
120.0,-300.0,48.8077551,7.8533369,142.14,142.14,0.0
130.0,-300.0,48.8077551,7.8534733,142.04,142.04,0.0
140.0,-300.0,48.8077551,7.8536097,142.24,142.24,0.0
150.0,-300.0,48.8077551,7.8537461,142.11,142.11,0.0
160.0,-300.0,48.8077551,7.8538825,142.05,142.05,0.0
170.0,-300.0,48.8077551,7.8540189,141.94,141.94,0.0
180.0,-300.0,48.8077551,7.8541553,141.98,141.98,0.0
190.0,-300.0,48.8077551,7.8542917,142.17,142.17,0.0
200.0,-300.0,48.8077551,7.8544281,142.09,142.09,0.0
210.0,-300.0,48.8077551,7.8545645,141.99,141.99,0.0
220.0,-300.0,48.8077551,7.854701,142.04,142.04,0.0
230.0,-300.0,48.8077551,7.8548374,141.86,141.86,0.0
240.0,-300.0,48.8077551,7.8549738,141.96,142.36,0.4
250.0,-300.0,48.8077551,7.8551102,141.78,141.78,0.0
260.0,-300.0,48.8077551,7.8552466,141.81,141.81,0.0
270.0,-300.0,48.8077551,7.855383,141.85,143.63,1.77
280.0,-300.0,48.8077551,7.8555194,141.54,141.54,0.0
290.0,-300.0,48.8077551,7.8556558,141.91,143.44,1.52
300.0,-300.0,48.8077551,7.8557922,141.96,141.96,0.0
